ts_code,trade_date,close,score,green_count,s_vol,s_conc,s_drift,s_wr,s_peak,s_ma,s_dyn,signal,signal_cn,conc_change,drift_pct,action_level,priority,med_cost,main_peak,winner_ratio
000712.SZ,20251013,14.71,102,6,20,18,22,15,15,0,12,ACCUMULATING,🔥 主力吸筹,-0.0253,0.0509,🟢 信号确认,0,14.44,14.44,0.6318
002626.SZ,20251013,20.09,99,6,14,25,6,15,15,12,12,WASHING,🟡 底部洗盘,-0.0837,0.0,🟢 信号确认,0,19.69,19.69,0.6755
600546.SH,20251013,10.16,106,5,18,15,16,15,15,15,12,ACCUMULATING,🔥 主力吸筹,-0.023,0.0204,🟢 信号确认,0,10.01,10.14,0.6971
000735.SZ,20251013,6.47,93,5,18,21,11,8,15,8,12,ACCUMULATING,🔥 主力吸筹,-0.0403,0.0079,🟢 信号确认,0,6.38,6.38,0.7048
000567.SZ,20251013,6.67,90,5,16,21,6,15,15,5,12,WASHING,🟡 底部洗盘,-0.0595,0.0046,🟢 信号确认,0,6.57,6.57,0.6309
301622.SZ,20251013,86.7,88,5,18,25,8,15,15,-5,12,ACCUMULATING,🔥 主力吸筹,-0.1174,0.0058,🟢 信号确认,0,85.5,84.02,0.6123
601375.SH,20251013,4.58,88,5,14,12,21,15,15,-5,16,ACCUMULATING,🔥 主力吸筹,-0.0199,0.0363,🟢 信号确认,0,4.57,4.56,0.5227
600328.SH,20251013,8.01,86,5,18,25,6,15,15,-5,12,WASHING,🟡 底部洗盘,-0.0631,0.0,🟢 信号确认,0,7.95,7.98,0.6299
002688.SZ,20251013,7.11,84,5,11,18,18,15,15,-5,12,ACCUMULATING,🔥 主力吸筹,-0.036,0.0307,🟢 信号确认,0,7.06,7.09,0.5747
002819.SZ,20251013,29.16,80,5,14,25,18,4,12,-5,12,ACCUMULATING,🔥 主力吸筹,-0.0998,0.0294,🟢 信号确认,0,30.09,29.44,0.1983
605337.SH,20251013,12.73,86,4,10,15,25,4,12,8,12,ACCUMULATING,🔥 主力吸筹,-0.0358,0.0503,🟢 信号确认,0,13.58,12.81,0.1572
603153.SH,20251013,18.45,72,4,20,7,22,4,12,-5,12,ACCUMULATING,🔥 主力吸筹,-0.0052,0.0523,🟢 接近,1,18.92,18.55,0.2665
002945.SZ,20251013,17.62,63,4,17,15,21,2,10,8,12,ACCUMULATING,🔥 主力吸筹,-0.0199,0.0247,🟢 接近,1,16.61,16.83,0.9531
002250.SZ,20251029,11.34,122,7,18,25,25,15,12,15,12,ACCUMULATING,🔥 主力吸筹,-0.2035,0.062,🟢 信号确认,0,11.31,11.43,0.5494
002004.SZ,20251029,4.95,118,7,16,25,20,15,15,15,12,ACCUMULATING,🔥 主力吸筹,-0.0804,0.0931,🟢 信号确认,0,4.93,4.95,0.6331
002057.SZ,20251029,11.09,114,6,10,25,25,15,12,15,12,ACCUMULATING,🔥 主力吸筹,-0.0622,0.0778,🟢 信号确认,0,10.95,11.21,0.6123
603619.SH,20251029,20.1,104,6,14,25,8,15,15,15,12,ACCUMULATING,🔥 主力吸筹,-0.1451,0.0056,🟢 信号确认,0,19.8,19.58,0.6823
002626.SZ,20251029,20.38,100,6,18,10,21,15,12,8,16,ACCUMULATING,🔥 主力吸筹,-0.0193,0.0349,🟢 信号确认,0,20.16,20.39,0.5941
000848.SZ,20251029,8.91,92,5,16,25,7,15,12,5,12,WASHING,🟡 底部洗盘,-0.0652,0.0045,🟢 信号确认,0,8.88,8.92,0.5503
601236.SH,20251029,9.16,85,5,10,18,7,15,15,8,12,WASHING,🟡 底部洗盘,-0.0318,0.0045,🟢 信号确认,0,9.02,8.98,0.678
300782.SZ,20251029,78.85,82,5,14,21,18,10,12,-5,12,ACCUMULATING,🔥 主力吸筹,-0.0426,0.0304,🟢 信号确认,0,79.6,79.9,0.4259
000967.SZ,20251029,7.06,77,4,10,18,7,15,15,0,12,WASHING,🟡 底部洗盘,-0.0267,0.0043,🟢 信号确认,0,6.99,6.96,0.5822
600586.SH,20251029,5.15,69,3,11,15,6,15,15,-5,12,WASHING,🟡 底部洗盘,-0.0224,-0.0039,🟢 接近,1,5.08,5.06,0.6194
000507.SZ,20251029,5.59,66,2,10,9,7,8,15,5,12,WASHING,🟡 底部洗盘,-0.013,-0.0036,🟢 接近,1,5.54,5.49,0.7207
002057.SZ,20251031,10.95,116,7,16,25,25,15,15,8,12,ACCUMULATING,🔥 主力吸筹,-0.0739,0.061,🟢 信号确认,0,10.95,10.95,0.5052
600621.SH,20251031,16.7,110,7,14,25,21,15,15,8,12,ACCUMULATING,🔥 主力吸筹,-0.0802,0.0265,🟢 信号确认,0,16.65,16.48,0.5537
301565.SZ,20251031,24.78,108,7,14,25,22,15,12,8,12,ACCUMULATING,🔥 主力吸筹,-0.0808,0.0518,🟢 信号确认,0,24.58,25.42,0.5328
601059.SH,20251031,19.11,117,6,18,25,25,10,12,15,12,ACCUMULATING,🔥 主力吸筹,-0.0801,0.0758,🟢 信号确认,0,19.31,19.41,0.383
002792.SZ,20251031,18.59,104,6,18,18,11,15,15,15,12,ACCUMULATING,🔥 主力吸筹,-0.0313,0.0157,🟢 信号确认,0,18.12,18.33,0.6888
600864.SH,20251031,7.49,102,6,14,25,21,10,12,8,12,ACCUMULATING,🔥 主力吸筹,-0.1257,0.0328,🟢 信号确认,0,7.55,7.51,0.4184
002626.SZ,20251031,20.19,100,6,18,6,21,15,12,12,16,ACCUMULATING,🔥 主力吸筹,-0.0078,0.0296,🟢 信号确认,0,20.16,20.27,0.5478
301179.SZ,20251031,17.17,100,6,14,18,14,15,15,12,12,ACCUMULATING,🔥 主力吸筹,-0.0314,0.0108,🟢 信号确认,0,16.8,16.66,0.6928
603277.SH,20251031,18.2,97,5,18,25,25,10,12,-5,12,ACCUMULATING,🔥 主力吸筹,-0.1258,0.0616,🟢 信号确认,0,18.27,18.5,0.4714
002400.SZ,20251031,8.5,95,5,18,15,8,15,15,12,12,ACCUMULATING,🔥 主力吸筹,-0.0199,0.0072,🟢 信号确认,0,8.35,8.35,0.6772
002884.SZ,20251031,17.41,92,5,18,21,6,15,15,5,12,WASHING,🟡 底部洗盘,-0.0405,0.0,🟢 信号确认,0,17.23,17.35,0.6987
601698.SH,20251031,21.69,89,5,18,6,15,15,15,8,12,ACCUMULATING,🔥 主力吸筹,-0.0098,0.0349,🟢 信号确认,0,21.65,21.65,0.5035
301047.SZ,20251031,75.9,87,5,20,6,11,15,15,8,12,ACCUMULATING,🔥 主力吸筹,-0.0088,0.0139,🟢 信号确认,0,74.15,73.8,0.6665
301381.SZ,20251031,24.15,86,5,18,12,6,15,15,8,12,WASHING,🟡 底部洗盘,-0.0151,0.0,🟢 信号确认,0,23.79,24.15,0.6169
600741.SH,20251031,20.42,82,5,14,12,6,15,15,8,12,WASHING,🟡 底部洗盘,-0.0114,0.0035,🟢 信号确认,0,20.04,19.89,0.6948
002304.SZ,20251031,70.8,83,4,18,15,8,15,15,0,12,ACCUMULATING,🔥 主力吸筹,-0.0176,0.0056,🟢 信号确认,0,69.95,69.95,0.6491
002984.SZ,20251031,19.44,78,4,20,15,6,15,15,-5,12,WASHING,🟡 底部洗盘,-0.0174,-0.0031,🟢 信号确认,0,19.31,19.25,0.5932
603153.SH,20251031,19.15,77,4,14,15,6,15,15,0,12,WASHING,🟡 底部洗盘,-0.0231,-0.0037,🟢 信号确认,0,19.0,19.15,0.6027
688188.SH,20251031,136.9,70,4,18,22,18,4,6,-10,12,ACCUMULATING,🔥 主力吸筹,-0.1425,0.039,🟢 接近,1,144.92,142.2,0.0987
600409.SH,20251031,5.7,63,4,14,6,6,15,15,-5,12,WASHING,🟡 底部洗盘,-0.0056,0.0,🟢 接近,1,5.63,5.58,0.6307
600586.SH,20251031,5.25,71,3,12,18,6,8,15,0,12,WASHING,🟡 底部洗盘,-0.0273,0.0039,🟢 接近,1,5.1,5.06,0.7276
300244.SZ,20251031,16.28,67,3,10,12,8,15,15,-5,12,ACCUMULATING,🔥 主力吸筹,-0.0167,0.0056,🟢 接近,1,16.16,15.74,0.5688
000800.SZ,20251031,7.18,75,2,13,15,12,8,15,0,12,WASHING,🟡 底部洗盘,-0.02,-0.0042,🟢 信号确认,0,7.11,7.04,0.7132
600621.SH,20251103,16.59,114,7,18,25,21,15,15,8,12,ACCUMULATING,🔥 主力吸筹,-0.0739,0.0216,🟢 信号确认,0,16.57,16.57,0.5013
601698.SH,20251103,21.99,100,6,18,21,11,15,15,8,12,ACCUMULATING,🔥 主力吸筹,-0.0591,0.0187,🟢 信号确认,0,21.75,21.65,0.6346
601059.SH,20251103,18.87,103,5,14,25,25,10,12,5,12,ACCUMULATING,🔥 主力吸筹,-0.0693,0.0758,🟢 信号确认,0,19.31,19.41,0.3407
603277.SH,20251103,18.06,100,5,18,25,25,10,15,-5,12,ACCUMULATING,🔥 主力吸筹,-0.1186,0.0616,🟢 信号确认,0,18.27,18.03,0.4125
600864.SH,20251103,7.44,98,5,18,25,21,10,12,0,12,ACCUMULATING,🔥 主力吸筹,-0.1239,0.0272,🟢 信号确认,0,7.55,7.51,0.3686
301047.SZ,20251103,76.53,92,5,20,6,12,15,15,8,16,ACCUMULATING,🔥 主力吸筹,-0.0102,0.0186,🟢 信号确认,0,74.49,73.8,0.6611
002304.SZ,20251103,70.9,91,5,18,15,8,15,15,8,12,ACCUMULATING,🔥 主力吸筹,-0.0176,0.0056,🟢 信号确认,0,69.95,69.95,0.648
300019.SZ,20251103,22.26,87,5,17,25,8,15,15,-5,12,ACCUMULATING,🔥 主力吸筹,-0.0807,0.006,🟢 信号确认,0,21.84,22.21,0.6399
301381.SZ,20251103,24.17,86,5,18,12,6,15,15,8,12,WASHING,🟡 底部洗盘,-0.0151,0.0,🟢 信号确认,0,23.91,24.15,0.6153
000967.SZ,20251103,7.13,79,5,18,18,6,15,15,-5,12,WASHING,🟡 底部洗盘,-0.0258,0.0,🟢 信号确认,0,6.99,6.89,0.6941
688188.SH,20251103,137.98,76,5,18,22,18,4,12,-10,12,ACCUMULATING,🔥 主力吸筹,-0.1073,0.0258,🟢 信号确认,0,144.01,142.2,0.1562
000507.SZ,20251103,5.54,81,4,18,15,6,15,15,0,12,WASHING,🟡 底部洗盘,-0.0175,-0.0036,🟢 信号确认,0,5.54,5.54,0.5347
002884.SZ,20251103,17.41,80,4,14,12,7,15,15,5,12,WASHING,🟡 底部洗盘,-0.0143,-0.0035,🟢 信号确认,0,17.23,17.35,0.6964
600741.SH,20251103,20.15,79,4,14,12,6,15,15,5,12,WASHING,🟡 底部洗盘,-0.0109,0.0,🟢 信号确认,0,20.04,20.04,0.5531
300244.SZ,20251103,16.56,75,4,14,18,6,15,10,0,12,WASHING,🟡 底部洗盘,-0.0364,0.0,🟢 信号确认,0,16.16,15.74,0.6552
600409.SH,20251103,5.65,72,4,14,15,6,15,15,-5,12,WASHING,🟡 底部洗盘,-0.0233,-0.0035,🟢 接近,1,5.65,5.65,0.5543
603153.SH,20251103,19.36,78,3,10,15,6,15,15,5,12,WASHING,🟡 底部洗盘,-0.0231,-0.0037,🟢 信号确认,0,19.0,19.15,0.6863
300161.SZ,20251103,30.86,73,3,12,18,8,8,15,0,12,ACCUMULATING,🔥 主力吸筹,-0.0256,0.0094,🟢 接近,1,29.98,29.84,0.7461
000848.SZ,20251111,9.03,119,6,16,25,17,15,15,15,16,ACCUMULATING,🔥 主力吸筹,-0.0671,0.0183,🟢 信号确认,0,8.92,8.92,0.6998
601698.SH,20251111,22.15,111,6,18,18,17,15,15,12,16,ACCUMULATING,🔥 主力吸筹,-0.0392,0.0135,🟢 信号确认,0,21.84,21.75,0.6855
603888.SH,20251111,20.16,93,6,16,21,6,15,15,8,12,WASHING,🟡 底部洗盘,-0.0524,0.004,🟢 信号确认,0,20.09,19.41,0.524
000420.SZ,20251111,4.27,94,5,20,21,11,15,15,0,12,ACCUMULATING,🔥 主力吸筹,-0.0426,0.0118,🟢 信号确认,0,4.27,4.27,0.5508
002073.SZ,20251111,8.95,86,5,18,18,7,8,15,8,12,WASHING,🟡 底部洗盘,-0.0361,-0.0045,🟢 信号确认,0,8.79,8.91,0.7386
300303.SZ,20251111,6.82,83,4,12,18,11,15,15,0,12,ACCUMULATING,🔥 主力吸筹,-0.0293,0.0104,🟢 信号确认,0,6.8,6.73,0.5235
601010.SH,20251111,2.79,82,4,20,9,6,15,15,5,12,WASHING,🟡 底部洗盘,-0.0145,0.0,🟢 信号确认,0,2.72,2.69,0.6632
601968.SH,20251111,5.64,64,4,16,6,25,2,10,15,12,ACCUMULATING,🔥 主力吸筹,-0.01,0.0446,🟢 接近,1,5.39,5.52,0.9812
688692.SH,20251111,261.08,88,3,10,25,25,10,6,0,12,ACCUMULATING,🔥 主力吸筹,-0.0924,0.0921,🟢 信号确认,0,265.77,270.26,0.3738
002445.SZ,20251111,2.66,74,3,10,12,9,8,15,8,12,WASHING,🟡 底部洗盘,-0.0149,-0.0038,🟢 接近,1,2.63,2.63,0.7091
300755.SZ,20251113,20.35,105,7,16,18,21,15,15,8,12,ACCUMULATING,🔥 主力吸筹,-0.0299,0.0242,🟢 信号确认,0,19.91,20.14,0.61
601698.SH,20251113,22.24,111,6,18,18,17,15,15,12,16,ACCUMULATING,🔥 主力吸筹,-0.0391,0.0135,🟢 信号确认,0,21.84,22.04,0.6653
688429.SH,20251113,16.51,110,6,16,25,18,8,15,12,16,ACCUMULATING,🔥 主力吸筹,-0.0767,0.0275,🟢 信号确认,0,16.07,16.33,0.7199
000420.SZ,20251113,4.29,102,6,20,21,11,15,15,8,12,ACCUMULATING,🔥 主力吸筹,-0.0483,0.0118,🟢 信号确认,0,4.27,4.27,0.567
600058.SH,20251113,9.69,93,6,16,18,8,15,12,12,12,ACCUMULATING,🔥 主力吸筹,-0.0357,0.0064,🟢 信号确认,0,9.45,9.72,0.676
301047.SZ,20251113,76.23,95,5,12,25,8,15,15,8,12,ACCUMULATING,🔥 主力吸筹,-0.0719,0.0093,🟢 信号确认,0,74.84,73.8,0.6943
688032.SH,20251113,114.41,86,5,16,21,6,8,15,8,12,WASHING,🟡 底部洗盘,-0.06,0.0,🟢 信号确认,0,111.79,112.24,0.7237
002840.SZ,20251113,11.23,82,5,14,15,6,15,12,8,12,WASHING,🟡 底部洗盘,-0.0183,0.0,🟢 信号确认,0,11.13,11.24,0.5996
002304.SZ,20251113,70.39,91,4,18,12,14,15,15,5,12,ACCUMULATING,🔥 主力吸筹,-0.0147,0.0057,🟢 信号确认,0,70.15,69.95,0.5754
002099.SZ,20251113,6.31,84,4,20,9,12,8,15,8,12,ACCUMULATING,🔥 主力吸筹,-0.0121,0.0114,🟢 信号确认,0,6.19,6.29,0.7257
301628.SZ,20251113,92.1,80,3,12,12,9,15,15,5,12,ACCUMULATING,🔥 主力吸筹,-0.0217,0.0052,🟢 信号确认,0,90.96,91.9,0.6413
300244.SZ,20251113,16.58,74,3,10,15,6,8,15,8,12,WASHING,🟡 底部洗盘,-0.0248,-0.0049,🟢 接近,1,16.24,16.41,0.7184
300161.SZ,20251113,29.15,65,2,10,21,17,4,6,-5,12,ACCUMULATING,🔥 主力吸筹,-0.0465,0.0196,🟢 接近,1,30.13,30.13,0.2295
600058.SH,20251114,9.59,97,6,20,18,8,15,12,12,12,ACCUMULATING,🔥 主力吸筹,-0.0357,0.0064,🟢 信号确认,0,9.45,9.66,0.5818
300244.SZ,20251114,16.45,85,6,14,18,6,15,12,8,12,WASHING,🟡 底部洗盘,-0.0258,0.0,🟢 信号确认,0,16.32,16.49,0.6009
601698.SH,20251114,21.7,99,5,18,18,17,10,12,12,12,ACCUMULATING,🔥 主力吸筹,-0.0391,0.0135,🟢 信号确认,0,21.84,21.75,0.4101
603107.SH,20251114,16.04,84,5,18,9,7,15,15,8,12,WASHING,🟡 底部洗盘,-0.0092,-0.0031,🟢 信号确认,0,15.93,15.98,0.6873
002840.SZ,20251114,11.32,89,4,18,15,6,8,15,15,12,WASHING,🟡 底部洗盘,-0.0217,0.0036,🟢 信号确认,0,11.17,11.24,0.7173
603043.SH,20251114,17.17,87,4,18,12,12,15,10,8,12,ACCUMULATING,🔥 主力吸筹,-0.011,0.0101,🟢 信号确认,0,16.96,16.02,0.665
002099.SZ,20251114,6.3,84,4,20,9,12,8,15,8,12,ACCUMULATING,🔥 主力吸筹,-0.0121,0.0114,🟢 信号确认,0,6.19,6.29,0.7146
603198.SH,20251114,42.92,83,4,20,12,6,15,10,8,12,WASHING,🟡 底部洗盘,-0.0097,0.0,🟢 信号确认,0,42.39,40.54,0.5861
300053.SZ,20251114,14.2,77,4,12,12,6,15,12,8,12,ACCUMULATING,🔥 主力吸筹,-0.0165,0.005,🟢 信号确认,0,14.0,14.29,0.5666
301589.SZ,20251114,173.39,74,4,10,21,6,15,15,-5,12,WASHING,🟡 底部洗盘,-0.0428,-0.0002,🟢 接近,1,171.76,173.14,0.6267
300109.SZ,20251114,18.26,70,4,16,9,6,15,12,0,12,ACCUMULATING,🔥 主力吸筹,-0.0106,0.005,🟢 接近,1,18.0,18.44,0.6045
688506.SH,20251117,367.0,111,6,14,25,25,8,12,15,12,ACCUMULATING,🔥 主力吸筹,-0.0917,0.0857,🟢 信号确认,0,356.24,367.95,0.7202
002096.SZ,20251117,14.05,110,6,20,25,11,15,15,12,12,ACCUMULATING,🔥 主力吸筹,-0.0624,0.0058,🟢 信号确认,0,13.87,14.02,0.6932
600058.SH,20251117,9.55,101,6,20,18,12,15,12,12,12,ACCUMULATING,🔥 主力吸筹,-0.0369,0.0117,🟢 信号确认,0,9.5,9.66,0.5356
300888.SZ,20251117,41.67,104,5,18,21,14,8,15,12,16,ACCUMULATING,🔥 主力吸筹,-0.0519,0.0112,🟢 信号确认,0,40.57,40.35,0.7021
603043.SH,20251117,17.13,98,5,14,12,14,15,15,12,16,ACCUMULATING,🔥 主力吸筹,-0.0148,0.0131,🟢 信号确认,0,16.96,17.07,0.6634
601908.SH,20251117,4.38,96,5,18,18,22,8,10,8,12,ACCUMULATING,🔥 主力吸筹,-0.0539,0.0763,🟢 信号确认,0,4.23,4.17,0.7027
605016.SH,20251117,20.84,93,5,18,15,6,15,15,12,12,WASHING,🟡 底部洗盘,-0.0237,0.0,🟢 信号确认,0,20.75,20.42,0.5087
300053.SZ,20251117,14.29,89,5,16,12,11,15,15,8,12,ACCUMULATING,🔥 主力吸筹,-0.0174,0.0101,🟢 信号确认,0,14.07,14.29,0.6667
002400.SZ,20251117,8.5,87,5,16,15,6,15,15,8,12,WASHING,🟡 底部洗盘,-0.0245,0.0,🟢 信号确认,0,8.39,8.35,0.6556
300109.SZ,20251117,18.13,82,5,20,9,6,15,12,8,12,ACCUMULATING,🔥 主力吸筹,-0.0106,0.005,🟢 信号确认,0,18.0,18.44,0.562
605179.SH,20251117,22.68,93,4,12,15,12,15,15,12,12,ACCUMULATING,🔥 主力吸筹,-0.024,0.0159,🟢 信号确认,0,22.42,22.65,0.6049
002884.SZ,20251117,17.39,87,4,10,21,8,15,12,5,16,ACCUMULATING,🔥 主力吸筹,-0.0411,0.007,🟢 信号确认,0,17.35,17.73,0.5485
603198.SH,20251117,42.99,83,4,20,12,6,15,10,8,12,WASHING,🟡 底部洗盘,-0.0153,0.005,🟢 信号确认,0,42.6,40.54,0.5886
688032.SH,20251117,114.54,82,4,12,21,6,8,15,8,12,WASHING,🟡 底部洗盘,-0.0598,0.0,🟢 信号确认,0,112.24,112.24,0.719
603107.SH,20251117,15.96,80,4,18,9,9,15,12,5,12,WASHING,🟡 底部洗盘,-0.0092,-0.0031,🟢 信号确认,0,15.93,15.98,0.5066
601688.SH,20251205,21.8,112,6,10,25,22,15,12,12,16,ACCUMULATING,🔥 主力吸筹,-0.0852,0.0422,🟢 信号确认,0,21.71,22.26,0.5322
600637.SH,20251205,10.07,110,6,18,25,16,15,12,12,12,ACCUMULATING,🔥 主力吸筹,-0.0699,0.0249,🟢 信号确认,0,9.89,10.09,0.669
605099.SH,20251205,36.22,105,6,14,22,22,8,15,12,12,ACCUMULATING,🔥 主力吸筹,-0.071,0.0414,🟢 信号确认,0,34.73,36.11,0.7733
300972.SZ,20251205,181.69,97,6,14,25,21,15,15,-5,12,ACCUMULATING,🔥 主力吸筹,-0.0733,0.0396,🟢 信号确认,0,178.73,174.65,0.6498
002970.SZ,20251205,48.5,88,5,20,9,8,15,12,12,12,ACCUMULATING,🔥 主力吸筹,-0.0108,0.0097,🟢 信号确认,0,48.09,49.0,0.5897
603125.SH,20251205,17.6,100,4,12,25,11,15,10,15,12,ACCUMULATING,🔥 主力吸筹,-0.0731,0.0123,🟢 信号确认,0,17.34,16.72,0.6896
600775.SH,20251205,12.18,78,3,9,25,9,8,15,0,12,ACCUMULATING,🔥 主力吸筹,-0.1088,0.0059,🟢 信号确认,0,11.86,11.94,0.7109
601688.SH,20251219,22.93,70,6,14,18,21,2,15,12,12,ACCUMULATING,🔥 主力吸筹,-0.0534,0.0298,🟢 接近,1,22.13,22.37,0.8643
600060.SH,20251219,25.04,86,4,16,7,17,15,15,0,16,ACCUMULATING,🔥 主力吸筹,-0.0095,0.0139,🟢 信号确认,0,24.83,24.75,0.6171
002690.SZ,20251219,20.33,79,4,10,18,9,15,15,0,12,ACCUMULATING,🔥 主力吸筹,-0.0392,0.0094,🟢 信号确认,0,20.32,20.32,0.5412
688401.SH,20251222,50.24,122,7,18,25,25,15,15,12,12,ACCUMULATING,🔥 主力吸筹,-0.1963,0.0512,🟢 信号确认,0,49.29,49.63,0.6508
000680.SZ,20251222,11.12,105,7,18,21,19,15,12,8,12,ACCUMULATING,🔥 主力吸筹,-0.0565,0.0516,🟢 信号确认,0,10.8,11.15,0.6777
301628.SZ,20251222,91.17,93,6,14,21,8,15,15,8,12,ACCUMULATING,🔥 主力吸筹,-0.0584,0.0052,🟢 信号确认,0,90.49,90.49,0.655
688300.SH,20251222,58.98,93,6,14,21,8,15,15,8,12,ACCUMULATING,🔥 主力吸筹,-0.0439,0.0091,🟢 信号确认,0,57.92,56.84,0.6184
601688.SH,20251222,23.12,73,6,18,18,18,2,15,15,12,ACCUMULATING,🔥 主力吸筹,-0.0577,0.0245,🟢 接近,1,22.13,22.37,0.9318
002552.SZ,20251222,16.76,84,5,18,18,6,15,15,0,12,WASHING,🟡 底部洗盘,-0.0386,0.0,🟢 信号确认,0,16.5,16.32,0.6308
688182.SH,20251222,26.38,86,4,18,12,6,8,15,15,12,WASHING,🟡 底部洗盘,-0.0162,0.0,🟢 信号确认,0,25.86,26.0,0.7344
300855.SZ,20251222,29.68,77,3,18,9,12,8,10,8,12,ACCUMULATING,🔥 主力吸筹,-0.0178,0.0104,🟢 信号确认,0,28.27,27.48,0.7405
600060.SH,20251222,24.41,74,3,16,7,17,10,12,0,12,ACCUMULATING,🔥 主力吸筹,-0.0088,0.0106,🟢 接近,1,24.75,24.75,0.3411
000680.SZ,20251224,11.04,105,6,10,21,20,15,15,8,16,ACCUMULATING,🔥 主力吸筹,-0.0504,0.0513,🟢 信号确认,0,10.86,11.03,0.6465
300429.SZ,20251224,14.25,97,6,14,18,14,15,12,12,12,ACCUMULATING,🔥 主力吸筹,-0.0279,0.0108,🟢 信号确认,0,14.06,14.28,0.6445
603125.SH,20251224,17.84,103,5,14,25,21,8,7,12,16,ACCUMULATING,🔥 主力吸筹,-0.0752,0.0299,🟢 信号确认,0,17.54,17.85,0.7062
688222.SH,20251224,24.22,98,5,10,25,6,15,15,15,12,WASHING,🟡 底部洗盘,-0.2322,0.0,🟢 信号确认,0,23.89,24.09,0.6525
002262.SZ,20251224,25.1,90,5,18,15,7,15,15,8,12,WASHING,🟡 底部洗盘,-0.0213,-0.0044,🟢 信号确认,0,24.74,24.51,0.6531
603235.SH,20251224,27.25,70,4,18,18,11,4,12,-5,12,ACCUMULATING,🔥 主力吸筹,-0.0348,0.0088,🟢 接近,1,27.61,27.37,0.2589
000899.SZ,20251224,10.24,72,3,10,9,11,15,15,0,12,ACCUMULATING,🔥 主力吸筹,-0.0062,0.012,🟢 接近,1,10.08,10.12,0.6403
688776.SH,20251225,96.22,104,6,16,25,20,8,15,8,12,ACCUMULATING,🔥 主力吸筹,-0.0715,0.046,🟢 信号确认,0,92.62,92.62,0.7102
688222.SH,20251225,24.25,98,5,10,25,6,15,15,15,12,WASHING,🟡 底部洗盘,-0.2322,0.0,🟢 信号确认,0,23.89,24.09,0.6478
603125.SH,20251225,17.98,72,5,14,25,21,2,10,12,12,ACCUMULATING,🔥 主力吸筹,-0.081,0.0299,🟢 接近,1,17.54,17.85,0.8562
603235.SH,20251225,27.3,90,4,18,18,17,10,15,0,12,ACCUMULATING,🔥 主力吸筹,-0.0322,0.0114,🟢 信号确认,0,27.61,27.3,0.3235
000899.SZ,20251225,10.25,79,4,14,12,11,15,15,0,12,ACCUMULATING,🔥 主力吸筹,-0.0104,0.012,🟢 信号确认,0,10.08,10.12,0.6318
600517.SH,20251225,6.04,74,3,10,7,15,15,15,0,12,ACCUMULATING,🔥 主力吸筹,-0.0087,0.0221,🟢 接近,1,6.0,5.9,0.5578
688222.SH,20251230,23.89,104,6,18,25,14,15,12,8,12,ACCUMULATING,🔥 主力吸筹,-0.2012,0.0089,🟢 信号确认,0,23.89,24.09,0.5435
605555.SH,20251230,18.67,100,6,18,21,11,15,15,8,12,ACCUMULATING,🔥 主力吸筹,-0.0548,0.0129,🟢 信号确认,0,18.08,17.97,0.6905
002552.SZ,20251230,16.68,96,6,14,18,17,15,12,8,12,ACCUMULATING,🔥 主力吸筹,-0.0344,0.011,🟢 信号确认,0,16.59,16.95,0.5155
603271.SH,20251230,41.48,90,6,14,18,11,15,12,8,12,ACCUMULATING,🔥 主力吸筹,-0.0371,0.0132,🟢 信号确认,0,41.32,42.04,0.5235
300443.SZ,20251230,28.6,86,5,16,25,6,15,12,0,12,WASHING,🟡 底部洗盘,-0.1125,0.0,🟢 信号确认,0,28.5,28.7,0.5561
600517.SH,20251230,6.05,78,4,14,9,8,15,15,5,12,ACCUMULATING,🔥 主力吸筹,-0.0113,0.0067,🟢 信号确认,0,6.03,5.9,0.5163
605507.SH,20251230,24.66,65,4,18,21,17,2,5,12,12,ACCUMULATING,🔥 主力吸筹,-0.0516,0.0192,🟢 接近,1,23.34,23.25,0.9917
600186.SH,20251230,5.92,78,3,12,15,9,15,15,0,12,ACCUMULATING,🔥 主力吸筹,-0.0267,0.0068,🟢 信号确认,0,5.89,5.89,0.593
600312.SH,20251230,17.36,74,3,10,18,17,10,12,-5,12,ACCUMULATING,🔥 主力吸筹,-0.0256,0.0174,🟢 接近,1,17.58,17.81,0.4238
605555.SH,20251231,18.3,96,6,14,21,11,15,15,8,12,ACCUMULATING,🔥 主力吸筹,-0.0548,0.0129,🟢 信号确认,0,18.08,17.97,0.5547
002533.SZ,20251231,12.48,93,5,12,21,9,15,12,8,16,ACCUMULATING,🔥 主力吸筹,-0.059,0.0056,🟢 信号确认,0,12.47,12.69,0.5279
600186.SH,20251231,5.98,91,5,12,18,11,15,15,8,12,ACCUMULATING,🔥 主力吸筹,-0.0267,0.0068,🟢 信号确认,0,5.89,5.89,0.698
000100.SZ,20251231,4.54,66,4,18,7,21,8,10,12,12,ACCUMULATING,🔥 主力吸筹,-0.0109,0.0302,🟢 接近,1,4.44,4.49,0.825
605507.SH,20251231,24.8,65,4,18,21,17,2,5,12,12,ACCUMULATING,🔥 主力吸筹,-0.0439,0.0192,🟢 接近,1,23.34,23.25,0.9829
600312.SH,20251231,17.35,71,3,10,18,14,10,12,-5,12,ACCUMULATING,🔥 主力吸筹,-0.0256,0.0174,🟢 接近,1,17.58,17.81,0.403
300443.SZ,20260105,28.68,101,6,16,25,6,15,12,15,12,WASHING,🟡 底部洗盘,-0.1055,0.0,🟢 信号确认,0,28.5,28.7,0.5626
002533.SZ,20260105,12.58,99,5,16,25,11,15,15,5,12,ACCUMULATING,🔥 主力吸筹,-0.078,0.0114,🟢 信号确认,0,12.47,12.55,0.5706
000400.SZ,20260105,26.5,86,5,12,18,6,15,15,8,12,WASHING,🟡 底部洗盘,-0.0256,0.005,🟢 信号确认,0,26.33,26.33,0.5929
688776.SH,20260105,101.31,84,5,12,25,25,8,15,15,12,ACCUMULATING,🔥 主力吸筹,-0.0639,0.0528,🟢 信号确认,0,94.66,100.77,0.8394
605507.SH,20260105,24.75,67,5,14,21,21,2,5,15,12,ACCUMULATING,🔥 主力吸筹,-0.0406,0.0227,🟢 接近,1,23.42,23.25,0.9759
600312.SH,20260105,17.99,96,4,18,15,16,8,15,8,16,ACCUMULATING,🔥 主力吸筹,-0.0233,0.0263,🟢 信号确认,0,17.58,17.81,0.7443
000100.SZ,20260105,4.55,66,4,18,7,21,8,10,12,12,ACCUMULATING,🔥 主力吸筹,-0.0104,0.0254,🟢 接近,1,4.44,4.49,0.8095
605555.SH,20260105,18.9,63,4,14,21,11,8,10,8,12,ACCUMULATING,🔥 主力吸筹,-0.0479,0.0128,🟢 接近,1,18.2,17.97,0.7829
002039.SZ,20260105,17.99,77,3,12,15,21,10,12,-5,12,ACCUMULATING,🔥 主力吸筹,-0.0204,0.0204,🟢 信号确认,0,18.02,18.45,0.4647
300206.SZ,20260105,13.79,70,3,13,9,6,15,7,8,12,WASHING,🟡 底部洗盘,-0.0136,0.0,🟢 接近,1,13.43,13.85,0.684
002039.SZ,20260106,18.2,113,7,16,18,21,15,15,12,16,ACCUMULATING,🔥 主力吸筹,-0.0308,0.0204,🟢 信号确认,0,18.02,18.02,0.6173
600737.SH,20260106,17.32,115,6,18,25,25,15,15,5,12,ACCUMULATING,🔥 主力吸筹,-0.2123,0.0857,🟢 信号确认,0,17.23,17.23,0.5953
603271.SH,20260106,41.58,91,6,18,18,8,15,12,8,12,ACCUMULATING,🔥 主力吸筹,-0.0363,0.0088,🟢 信号确认,0,41.32,42.04,0.566
600312.SH,20260106,18.59,71,6,18,18,18,2,15,12,12,ACCUMULATING,🔥 主力吸筹,-0.0363,0.0261,🟢 接近,1,17.66,17.81,0.8894
002533.SZ,20260106,12.63,105,5,12,21,14,15,15,12,16,ACCUMULATING,🔥 主力吸筹,-0.0548,0.0114,🟢 信号确认,0,12.47,12.62,0.6309
000338.SZ,20260106,17.66,100,5,10,18,25,8,15,12,12,ACCUMULATING,🔥 主力吸筹,-0.0373,0.1439,🟢 信号确认,0,17.33,17.33,0.7216
300470.SZ,20260106,37.32,91,5,16,15,6,15,15,12,12,WASHING,🟡 底部洗盘,-0.0157,0.0038,🟢 信号确认,0,37.13,37.28,0.6538
300206.SZ,20260106,13.64,89,5,20,9,6,15,12,15,12,WASHING,🟡 底部洗盘,-0.0128,-0.0044,🟢 信号确认,0,13.43,13.79,0.5943
600015.SH,20260106,6.9,85,5,16,21,6,15,15,0,12,WASHING,🟡 底部洗盘,-0.0521,-0.0043,🟢 信号确认,0,6.89,6.86,0.5052
688776.SH,20260106,101.13,81,5,12,25,22,8,15,15,12,ACCUMULATING,🔥 主力吸筹,-0.0618,0.0449,🟢 信号确认,0,94.66,100.77,0.8276
000786.SZ,20260106,25.74,72,5,18,18,21,2,10,15,12,ACCUMULATING,🔥 主力吸筹,-0.0369,0.0251,🟢 接近,1,24.87,24.77,0.9014
605507.SH,20260106,24.67,63,4,14,15,21,2,5,15,12,ACCUMULATING,🔥 主力吸筹,-0.0368,0.0227,🟢 接近,1,23.42,23.25,0.9404
600496.SH,20260106,4.2,79,3,16,15,14,10,12,0,12,ACCUMULATING,🔥 主力吸筹,-0.0312,0.0169,🟢 信号确认,0,4.2,4.26,0.4591
002533.SZ,20260107,12.8,109,6,16,21,21,8,15,12,16,ACCUMULATING,🔥 主力吸筹,-0.0518,0.0237,🟢 信号确认,0,12.55,12.62,0.7125
000686.SZ,20260107,9.73,100,6,18,6,19,15,15,15,12,ACCUMULATING,🔥 主力吸筹,-0.0121,0.0444,🟢 信号确认,0,9.41,9.41,0.6957
000682.SZ,20260107,12.21,101,5,18,21,12,8,15,15,12,WASHING,🟡 底部洗盘,-0.0436,-0.0042,🟢 信号确认,0,11.96,12.13,0.7364
300443.SZ,20260107,29.06,101,5,20,25,6,8,15,15,12,WASHING,🟡 底部洗盘,-0.1055,0.0,🟢 信号确认,0,28.5,28.7,0.7086
603271.SH,20260107,42.07,94,5,18,18,11,8,15,12,12,ACCUMULATING,🔥 主力吸筹,-0.0325,0.0132,🟢 信号确认,0,41.5,42.04,0.7131
002039.SZ,20260107,18.04,89,5,16,18,21,10,12,0,12,ACCUMULATING,🔥 主力吸筹,-0.0306,0.0209,🟢 信号确认,0,18.09,18.09,0.4992
000786.SZ,20260107,25.36,76,5,18,18,21,8,10,15,12,ACCUMULATING,🔥 主力吸筹,-0.0362,0.0209,🟢 信号确认,0,24.87,24.77,0.7928
600312.SH,20260107,18.53,74,5,18,21,16,2,15,15,12,ACCUMULATING,🔥 主力吸筹,-0.0437,0.022,🟢 接近,1,17.66,17.81,0.851
600496.SH,20260107,4.24,88,4,16,15,14,15,12,0,16,ACCUMULATING,🔥 主力吸筹,-0.0349,0.012,🟢 信号确认,0,4.2,4.26,0.5716
000338.SZ,20260108,17.58,117,7,14,21,25,15,15,15,12,ACCUMULATING,🔥 主力吸筹,-0.0543,0.1343,🟢 信号确认,0,17.4,17.33,0.6549
002533.SZ,20260108,13.0,84,6,20,21,21,8,15,15,12,ACCUMULATING,🔥 主力吸筹,-0.0517,0.0237,🟢 信号确认,0,12.55,12.62,0.8043
002039.SZ,20260108,17.97,82,4,18,18,17,10,12,-5,12,ACCUMULATING,🔥 主力吸筹,-0.0302,0.0169,🟢 信号确认,0,18.02,18.09,0.4372
300624.SZ,20260108,75.39,81,4,12,13,6,15,15,8,12,WASHING,🟡 底部洗盘,-0.0371,0.0,🟢 信号确认,0,73.36,73.9,0.6812
600057.SH,20260108,8.34,81,4,18,18,17,4,12,0,12,ACCUMULATING,🔥 主力吸筹,-0.0348,0.0167,🟢 信号确认,0,8.51,8.51,0.2869
000899.SZ,20260108,10.19,79,4,18,12,7,15,15,0,12,WASHING,🟡 底部洗盘,-0.0118,-0.004,🟢 信号确认,0,10.08,10.08,0.6175
603271.SH,20260108,41.3,77,4,18,18,12,10,12,-5,12,ACCUMULATING,🔥 主力吸筹,-0.0325,0.0132,🟢 信号确认,0,41.5,42.04,0.4419
300470.SZ,20260108,37.52,77,3,12,12,6,8,15,12,12,WASHING,🟡 底部洗盘,-0.0118,0.0038,🟢 信号确认,0,37.13,37.28,0.7272
000686.SZ,20260109,9.68,107,6,14,25,11,15,15,15,12,ACCUMULATING,🔥 主力吸筹,-0.0787,0.0172,🟢 信号确认,0,9.46,9.41,0.6771
002484.SZ,20260109,30.04,107,6,10,25,21,15,12,12,12,ACCUMULATING,🔥 主力吸筹,-0.1669,0.027,🟢 信号确认,0,29.25,30.26,0.6433
002533.SZ,20260109,13.05,82,6,18,21,21,8,15,15,12,ACCUMULATING,🔥 主力吸筹,-0.0517,0.0237,🟢 信号确认,0,12.55,12.62,0.8285
605555.SH,20260109,18.73,93,5,10,21,11,15,12,12,12,ACCUMULATING,🔥 主力吸筹,-0.0536,0.0132,🟢 信号确认,0,18.44,18.79,0.6442
000899.SZ,20260109,10.22,86,4,18,12,9,15,15,5,12,WASHING,🟡 底部洗盘,-0.0118,-0.004,🟢 信号确认,0,10.08,10.17,0.6686
002737.SZ,20260109,15.04,84,4,12,12,6,15,15,12,12,WASHING,🟡 底部洗盘,-0.009,0.0,🟢 信号确认,0,15.02,14.93,0.5116
000958.SZ,20260109,6.7,83,4,18,12,6,15,15,5,12,WASHING,🟡 底部洗盘,-0.0157,-0.0045,🟢 信号确认,0,6.7,6.59,0.5135
002039.SZ,20260109,18.0,82,4,18,18,17,10,12,-5,12,ACCUMULATING,🔥 主力吸筹,-0.0302,0.0169,🟢 信号确认,0,18.02,18.09,0.4358
000786.SZ,20260109,25.87,66,4,14,18,17,2,10,15,12,ACCUMULATING,🔥 主力吸筹,-0.0355,0.0168,🟢 接近,1,24.87,24.77,0.8888
000061.SZ,20260112,9.9,111,7,14,25,25,15,12,8,12,ACCUMULATING,🔥 主力吸筹,-0.1348,0.1279,🟢 信号确认,0,9.79,10.01,0.5935
600110.SH,20260112,7.59,111,6,14,25,22,8,15,15,12,ACCUMULATING,🔥 主力吸筹,-0.0647,0.0629,🟢 信号确认,0,7.43,7.49,0.7139
002533.SZ,20260112,13.05,82,6,18,21,21,8,15,15,12,ACCUMULATING,🔥 主力吸筹,-0.047,0.0294,🟢 信号确认,0,12.62,12.62,0.8257
000686.SZ,20260112,9.8,100,5,14,25,11,8,15,15,12,ACCUMULATING,🔥 主力吸筹,-0.0665,0.0118,🟢 信号确认,0,9.46,9.41,0.7486
605555.SH,20260112,18.76,93,5,10,21,8,15,12,15,12,ACCUMULATING,🔥 主力吸筹,-0.0523,0.0066,🟢 信号确认,0,18.44,18.79,0.6411
002737.SZ,20260112,15.1,88,5,16,12,6,15,15,12,12,WASHING,🟡 底部洗盘,-0.006,0.0,🟢 信号确认,0,15.02,14.93,0.5603
000958.SZ,20260112,6.72,83,5,18,9,6,15,15,8,12,WASHING,🟡 底部洗盘,-0.0117,-0.0045,🟢 信号确认,0,6.7,6.59,0.5117
000899.SZ,20260112,10.36,83,4,18,12,6,8,15,12,12,WASHING,🟡 底部洗盘,-0.0124,0.0,🟢 信号确认,0,10.12,10.17,0.7472
000061.SZ,20260113,9.8,115,7,14,25,25,15,12,12,12,ACCUMULATING,🔥 主力吸筹,-0.1459,0.1176,🟢 信号确认,0,9.79,10.01,0.5152
000686.SZ,20260113,9.64,111,6,18,25,11,15,15,15,12,ACCUMULATING,🔥 主力吸筹,-0.0662,0.0106,🟢 信号确认,0,9.51,9.41,0.6146
002445.SZ,20260113,2.7,108,6,16,21,14,15,15,15,12,ACCUMULATING,🔥 主力吸筹,-0.0548,0.0114,🟢 信号确认,0,2.66,2.62,0.6526
605555.SH,20260113,18.75,96,5,10,18,14,15,12,15,12,ACCUMULATING,🔥 主力吸筹,-0.0342,0.0132,🟢 信号确认,0,18.44,18.79,0.6347
603489.SH,20260113,31.09,95,5,20,6,22,8,15,8,16,ACCUMULATING,🔥 主力吸筹,-0.0079,0.0505,🟢 信号确认,0,30.36,31.02,0.7427
002737.SZ,20260113,15.14,88,5,16,12,6,15,15,12,12,WASHING,🟡 底部洗盘,-0.009,0.0,🟢 信号确认,0,15.07,14.93,0.6127
688146.SH,20260113,43.58,90,4,10,25,6,15,10,12,12,WASHING,🟡 底部洗盘,-0.1166,0.0,🟢 信号确认,0,42.48,40.62,0.5694
688697.SH,20260113,16.15,74,3,12,7,6,15,10,12,12,WASHING,🟡 底部洗盘,-0.0062,0.0,🟢 接近,1,15.73,15.33,0.6557
000061.SZ,20260114,9.94,119,7,18,25,25,15,12,12,12,ACCUMULATING,🔥 主力吸筹,-0.1611,0.1112,🟢 信号确认,0,9.79,10.01,0.5917
300360.SZ,20260114,17.75,117,6,10,21,25,15,15,15,16,ACCUMULATING,🔥 主力吸筹,-0.0582,0.0573,🟢 信号确认,0,17.53,17.7,0.6531
600835.SH,20260114,30.12,111,6,10,25,25,15,12,8,16,ACCUMULATING,🔥 主力吸筹,-0.0866,0.0938,🟢 信号确认,0,29.15,30.52,0.6983
300443.SZ,20260114,29.26,109,6,16,25,11,15,15,15,12,ACCUMULATING,🔥 主力吸筹,-0.0927,0.007,🟢 信号确认,0,28.7,28.7,0.6426
002611.SZ,20260114,19.35,103,6,16,25,8,15,15,12,12,ACCUMULATING,🔥 主力吸筹,-0.2202,0.0085,🟢 信号确认,0,18.96,19.11,0.6498
000786.SZ,20260114,25.56,102,5,18,18,21,8,10,15,12,ACCUMULATING,🔥 主力吸筹,-0.0318,0.0213,🟢 信号确认,0,24.98,24.77,0.7662
688146.SH,20260114,43.36,92,4,10,25,8,15,10,12,12,ACCUMULATING,🔥 主力吸筹,-0.1109,0.0073,🟢 信号确认,0,42.79,40.62,0.5374
002185.SZ,20260114,11.69,85,4,12,18,6,15,10,12,12,WASHING,🟡 底部洗盘,-0.0425,0.0,🟢 信号确认,0,11.52,11.09,0.5907
688697.SH,20260114,16.06,83,4,12,12,8,15,12,12,12,ACCUMULATING,🔥 主力吸筹,-0.0196,0.0064,🟢 信号确认,0,15.83,16.22,0.5918
000065.SZ,20260114,12.07,78,4,18,6,25,10,12,-5,12,ACCUMULATING,🔥 主力吸筹,-0.0053,0.0746,🟢 信号确认,0,12.24,12.3,0.3797
000061.SZ,20260115,9.94,119,7,18,25,25,15,12,12,12,ACCUMULATING,🔥 主力吸筹,-0.16,0.1105,🟢 信号确认,0,9.85,10.01,0.5884
002484.SZ,20260115,29.99,114,6,10,25,25,15,12,15,12,ACCUMULATING,🔥 主力吸筹,-0.1706,0.0446,🟢 信号确认,0,29.75,30.01,0.5534
002611.SZ,20260115,19.2,99,6,16,25,8,15,15,8,12,ACCUMULATING,🔥 主力吸筹,-0.2282,0.0085,🟢 信号确认,0,18.96,19.11,0.5916
000786.SZ,20260115,25.58,102,5,18,18,21,8,10,15,12,ACCUMULATING,🔥 主力吸筹,-0.04,0.0213,🟢 信号确认,0,24.98,24.77,0.7537
002386.SZ,20260115,5.65,99,5,18,15,9,15,15,15,12,ACCUMULATING,🔥 主力吸筹,-0.0242,0.0054,🟢 信号确认,0,5.59,5.59,0.6544
002445.SZ,20260115,2.69,97,5,10,21,12,15,15,12,12,ACCUMULATING,🔥 主力吸筹,-0.0548,0.0114,🟢 信号确认,0,2.66,2.62,0.6206
605111.SH,20260115,36.86,93,5,20,15,7,15,12,12,12,WASHING,🟡 底部洗盘,-0.0237,-0.0049,🟢 信号确认,0,36.77,37.13,0.5433
688697.SH,20260115,15.97,89,5,12,18,8,15,12,12,12,ACCUMULATING,🔥 主力吸筹,-0.0259,0.0064,🟢 信号确认,0,15.83,16.22,0.5534
002612.SZ,20260115,20.27,84,5,20,6,11,15,12,8,12,ACCUMULATING,🔥 主力吸筹,-0.0064,0.014,🟢 信号确认,0,20.25,20.37,0.5335
601827.SH,20260115,8.47,80,4,18,12,11,15,12,0,12,ACCUMULATING,🔥 主力吸筹,-0.0054,0.0072,🟢 信号确认,0,8.43,8.53,0.539
000065.SZ,20260115,12.06,78,4,18,6,25,10,12,-5,12,ACCUMULATING,🔥 主力吸筹,-0.01,0.0746,🟢 信号确认,0,12.24,12.3,0.3355
600757.SH,20260115,9.23,71,4,10,21,14,8,15,15,12,ACCUMULATING,🔥 主力吸筹,-0.048,0.0159,🟢 接近,1,8.97,8.94,0.8156
002185.SZ,20260115,11.92,83,3,12,18,8,8,10,15,12,ACCUMULATING,🔥 主力吸筹,-0.0492,0.0052,🟢 信号确认,0,11.52,11.09,0.744
603271.SH,20260115,40.99,70,3,14,15,17,10,12,-10,12,ACCUMULATING,🔥 主力吸筹,-0.0156,0.0177,🟢 接近,1,41.32,42.04,0.4106
000786.SZ,20260116,25.3,107,7,18,18,21,15,15,8,12,ACCUMULATING,🔥 主力吸筹,-0.04,0.0213,🟢 信号确认,0,24.98,24.77,0.6528
605555.SH,20260116,18.61,97,6,14,21,8,15,12,15,12,ACCUMULATING,🔥 主力吸筹,-0.0587,0.0066,🟢 信号确认,0,18.44,18.67,0.5801
300443.SZ,20260116,29.69,103,5,20,25,8,8,15,15,12,ACCUMULATING,🔥 主力吸筹,-0.1689,0.007,🟢 信号确认,0,28.9,28.7,0.7069
600757.SH,20260116,8.99,103,5,10,21,14,15,15,12,16,ACCUMULATING,🔥 主力吸筹,-0.048,0.0159,🟢 信号确认,0,8.97,8.94,0.5217
000686.SZ,20260116,9.31,102,5,18,21,17,10,12,12,12,ACCUMULATING,🔥 主力吸筹,-0.0405,0.0171,🟢 信号确认,0,9.51,9.41,0.3126
605111.SH,20260116,37.46,91,5,20,18,6,8,15,12,12,WASHING,🟡 底部洗盘,-0.0286,-0.0049,🟢 信号确认,0,36.77,37.13,0.708
603271.SH,20260116,41.55,77,5,14,18,8,15,15,-5,12,ACCUMULATING,🔥 主力吸筹,-0.0361,0.0088,🟢 信号确认,0,41.5,41.5,0.5636
603050.SH,20260116,18.77,84,4,10,18,9,8,15,12,12,ACCUMULATING,🔥 主力吸筹,-0.0262,0.0094,🟢 信号确认,0,18.3,18.48,0.7326
601827.SH,20260116,8.51,80,4,18,12,11,15,12,0,12,ACCUMULATING,🔥 主力吸筹,-0.008,0.0096,🟢 信号确认,0,8.45,8.53,0.6077
600835.SH,20260119,29.81,119,7,18,25,25,15,12,8,16,ACCUMULATING,🔥 主力吸筹,-0.0809,0.1013,🟢 信号确认,0,29.35,30.13,0.6156
605555.SH,20260119,18.77,109,6,18,21,12,15,12,15,16,ACCUMULATING,🔥 主力吸筹,-0.0596,0.0126,🟢 信号确认,0,18.55,18.79,0.6497
600757.SH,20260119,9.01,103,6,14,21,14,15,15,8,16,ACCUMULATING,🔥 主力吸筹,-0.0449,0.0159,🟢 信号确认,0,8.97,8.94,0.5607
002612.SZ,20260119,20.47,97,6,16,25,6,15,15,8,12,WASHING,🟡 底部洗盘,-0.0762,0.0,🟢 信号确认,0,20.25,20.25,0.6162
002170.SZ,20260119,12.7,82,6,14,21,25,8,15,15,12,ACCUMULATING,🔥 主力吸筹,-0.0493,0.041,🟢 信号确认,0,12.18,12.35,0.8477
000686.SZ,20260119,9.27,96,5,18,21,17,4,12,12,12,ACCUMULATING,🔥 主力吸筹,-0.0405,0.0171,🟢 信号确认,0,9.51,9.41,0.2783
600186.SH,20260119,6.12,94,5,12,6,21,15,12,12,16,ACCUMULATING,🔥 主力吸筹,-0.0142,0.029,🟢 信号确认,0,6.03,6.15,0.6424
002386.SZ,20260119,5.74,88,5,18,18,9,8,15,8,12,ACCUMULATING,🔥 主力吸筹,-0.0299,0.0054,🟢 信号确认,0,5.59,5.59,0.7703
603688.SH,20260119,39.68,88,5,10,18,6,15,15,12,12,WASHING,🟡 底部洗盘,-0.0318,0.0,🟢 信号确认,0,39.03,39.65,0.6733
603271.SH,20260119,41.88,86,5,14,21,9,15,15,0,12,ACCUMULATING,🔥 主力吸筹,-0.0404,0.0088,🟢 信号确认,0,41.5,41.86,0.6952
600871.SH,20260119,2.31,85,5,10,18,7,15,15,8,12,WASHING,🟡 底部洗盘,-0.0304,-0.0043,🟢 信号确认,0,2.29,2.3,0.5719
600835.SH,20260120,29.25,110,6,18,25,25,10,12,8,12,ACCUMULATING,🔥 主力吸筹,-0.0722,0.0939,🟢 信号确认,0,29.35,30.13,0.4684
600186.SH,20260120,6.04,98,6,16,6,21,15,12,12,16,ACCUMULATING,🔥 主力吸筹,-0.0094,0.029,🟢 信号确认,0,6.03,6.12,0.5207
600871.SH,20260120,2.33,88,6,14,18,6,15,15,8,12,WASHING,🟡 底部洗盘,-0.0317,0.0,🟢 信号确认,0,2.29,2.3,0.6696
002611.SZ,20260120,19.6,104,5,20,25,16,8,15,8,12,ACCUMULATING,🔥 主力吸筹,-0.2331,0.0247,🟢 信号确认,0,19.11,19.41,0.7328
600757.SH,20260120,9.21,103,5,18,21,14,8,15,15,12,ACCUMULATING,🔥 主力吸筹,-0.0479,0.0159,🟢 信号确认,0,8.97,8.94,0.7753
002612.SZ,20260120,20.53,98,5,12,21,11,15,15,12,12,ACCUMULATING,🔥 主力吸筹,-0.0543,0.006,🟢 信号确认,0,20.25,20.49,0.6915
603271.SH,20260120,41.53,87,5,18,18,9,15,15,0,12,ACCUMULATING,🔥 主力吸筹,-0.036,0.0088,🟢 信号确认,0,41.5,41.5,0.5502
603688.SH,20260120,39.2,85,5,10,18,6,15,12,12,12,WASHING,🟡 底部洗盘,-0.0318,0.0,🟢 信号确认,0,39.03,39.65,0.5017
605555.SH,20260120,19.03,80,5,18,25,14,8,15,15,12,ACCUMULATING,🔥 主力吸筹,-0.0672,0.0192,🟢 信号确认,0,18.55,18.79,0.8138
601827.SH,20260120,8.74,66,4,18,12,17,2,15,12,12,ACCUMULATING,🔥 主力吸筹,-0.0058,0.012,🟢 接近,1,8.45,8.53,0.923
600835.SH,20260121,29.37,119,7,18,25,25,15,12,8,16,ACCUMULATING,🔥 主力吸筹,-0.0839,0.0866,🟢 信号确认,0,29.35,30.13,0.515
600666.SH,20260121,3.69,104,6,16,21,16,15,12,12,12,ACCUMULATING,🔥 主力吸筹,-0.0408,0.0281,🟢 信号确认,0,3.66,3.71,0.607
600757.SH,20260121,9.13,107,5,18,21,17,15,15,5,16,ACCUMULATING,🔥 主力吸筹,-0.0451,0.0181,🟢 信号确认,0,8.99,8.94,0.6516
605555.SH,20260121,19.02,107,5,18,25,14,8,15,15,12,ACCUMULATING,🔥 主力吸筹,-0.0672,0.0192,🟢 信号确认,0,18.55,18.79,0.7657
002611.SZ,20260121,19.67,100,5,16,25,16,8,15,8,12,ACCUMULATING,🔥 主力吸筹,-0.2331,0.0247,🟢 信号确认,0,19.11,19.41,0.7276
603688.SH,20260121,39.79,100,5,10,18,14,15,15,12,16,ACCUMULATING,🔥 主力吸筹,-0.0337,0.0106,🟢 信号确认,0,39.23,39.65,0.6715
600186.SH,20260121,6.02,91,5,18,6,21,10,12,12,12,ACCUMULATING,🔥 主力吸筹,-0.0094,0.029,🟢 信号确认,0,6.03,6.12,0.4832
002170.SZ,20260121,12.86,78,5,10,25,25,2,15,15,12,ACCUMULATING,🔥 主力吸筹,-0.0614,0.0515,🟢 信号确认,0,12.24,12.35,0.858
002612.SZ,20260121,20.88,77,5,17,25,14,8,15,12,12,ACCUMULATING,🔥 主力吸筹,-0.0671,0.0119,🟢 信号确认,0,20.37,20.49,0.805
603299.SH,20260121,10.95,86,4,12,18,6,8,15,15,12,WASHING,🟡 底部洗盘,-0.03,-0.0046,🟢 信号确认,0,10.75,10.71,0.7167
600835.SH,20260122,29.4,119,7,18,25,25,15,12,8,16,ACCUMULATING,🔥 主力吸筹,-0.0906,0.0866,🟢 信号确认,0,29.35,29.93,0.5115
002612.SZ,20260122,20.59,117,6,17,25,17,15,15,12,16,ACCUMULATING,🔥 主力吸筹,-0.0627,0.018,🟢 信号确认,0,20.37,20.49,0.6155
605555.SH,20260122,18.73,115,6,18,25,14,15,12,15,16,ACCUMULATING,🔥 主力吸筹,-0.0608,0.0192,🟢 信号确认,0,18.55,18.79,0.6025
600186.SH,20260122,6.09,109,6,18,12,21,15,12,15,16,ACCUMULATING,🔥 主力吸筹,-0.0198,0.0273,🟢 信号确认,0,6.03,6.12,0.6007
002611.SZ,20260122,19.5,108,6,16,25,16,15,12,12,12,ACCUMULATING,🔥 主力吸筹,-0.2249,0.0247,🟢 信号确认,0,19.11,19.57,0.6494
688697.SH,20260122,16.39,106,6,12,18,21,15,12,12,16,ACCUMULATING,🔥 主力吸筹,-0.0293,0.0313,🟢 信号确认,0,16.12,16.42,0.6993
688236.SH,20260122,26.6,113,5,14,25,25,8,10,15,16,ACCUMULATING,🔥 主力吸筹,-0.1301,0.0404,🟢 信号确认,0,25.49,24.5,0.7286
600757.SH,20260122,9.16,103,5,18,21,17,8,15,8,16,ACCUMULATING,🔥 主力吸筹,-0.0451,0.0181,🟢 信号确认,0,8.99,8.94,0.7327
600835.SH,20260123,29.34,110,6,18,25,25,10,12,8,12,ACCUMULATING,🔥 主力吸筹,-0.1083,0.0759,🟢 信号确认,0,29.35,29.74,0.4501
600757.SH,20260123,9.15,107,6,18,21,17,15,12,8,16,ACCUMULATING,🔥 主力吸筹,-0.0451,0.0181,🟢 信号确认,0,8.99,9.16,0.6767
688697.SH,20260123,16.54,72,6,16,18,21,2,15,12,12,ACCUMULATING,🔥 主力吸筹,-0.0354,0.0313,🟢 接近,1,16.12,16.42,0.8518
300307.SZ,20260123,7.63,86,5,18,12,6,15,15,8,12,WASHING,🟡 底部洗盘,-0.0137,0.0,🟢 信号确认,0,7.54,7.59,0.657
002612.SZ,20260123,20.92,79,5,14,25,17,8,15,15,12,ACCUMULATING,🔥 主力吸筹,-0.0744,0.018,🟢 信号确认,0,20.37,20.49,0.8057
688236.SH,20260123,26.91,79,5,14,25,25,8,10,12,12,ACCUMULATING,🔥 主力吸筹,-0.122,0.0404,🟢 信号确认,0,25.49,24.5,0.7962
002386.SZ,20260123,6.09,69,4,18,18,17,2,10,15,12,ACCUMULATING,🔥 主力吸筹,-0.0321,0.0163,🟢 接近,1,5.62,5.59,0.8968
688236.SH,20260126,26.61,119,7,14,25,25,15,12,12,16,ACCUMULATING,🔥 主力吸筹,-0.0977,0.0404,🟢 信号确认,0,25.49,26.69,0.6969
600666.SH,20260126,3.76,117,7,20,21,22,15,15,12,12,ACCUMULATING,🔥 主力吸筹,-0.0591,0.0484,🟢 信号确认,0,3.68,3.71,0.6972
301238.SZ,20260126,22.04,104,6,20,18,9,15,15,15,12,ACCUMULATING,🔥 主力吸筹,-0.0372,0.0069,🟢 信号确认,0,21.81,21.96,0.6493
002242.SZ,20260126,10.69,95,6,14,25,6,15,15,8,12,WASHING,🟡 底部洗盘,-0.0674,0.0047,🟢 信号确认,0,10.64,10.69,0.5229
300351.SZ,20260126,18.74,107,5,18,21,14,8,15,15,16,ACCUMULATING,🔥 主力吸筹,-0.0537,0.0171,🟢 信号确认,0,18.43,18.63,0.7359
600757.SH,20260126,9.05,104,5,18,21,17,15,12,5,16,ACCUMULATING,🔥 主力吸筹,-0.0451,0.0181,🟢 信号确认,0,8.99,9.16,0.5663
002386.SZ,20260126,6.08,72,5,18,18,21,2,10,15,12,ACCUMULATING,🔥 主力吸筹,-0.0333,0.0237,🟢 接近,1,5.62,5.59,0.8753
600835.SH,20260126,28.39,87,4,14,25,25,10,6,-5,12,ACCUMULATING,🔥 主力吸筹,-0.0971,0.0638,🟢 信号确认,0,29.35,29.74,0.3272
600757.SH,20260127,9.0,96,6,18,21,18,15,12,0,12,ACCUMULATING,🔥 主力吸筹,-0.0424,0.0216,🟢 信号确认,0,8.99,9.16,0.5033
603489.SH,20260127,32.22,72,6,16,25,18,2,15,8,12,ACCUMULATING,🔥 主力吸筹,-0.0637,0.0321,🟢 接近,1,30.86,31.02,0.8671
600654.SH,20260127,4.04,95,5,14,21,17,8,15,8,12,ACCUMULATING,🔥 主力吸筹,-0.0412,0.0129,🟢 信号确认,0,3.92,3.92,0.7001
002125.SZ,20260127,14.99,88,5,14,18,6,8,15,15,12,WASHING,🟡 底部洗盘,-0.0295,0.0,🟢 信号确认,0,14.6,14.49,0.7037
300351.SZ,20260127,19.02,74,5,14,21,14,8,15,15,12,ACCUMULATING,🔥 主力吸筹,-0.0537,0.0171,🟢 接近,1,18.43,18.63,0.8465
600835.SH,20260127,28.43,87,4,14,25,25,10,6,-5,12,ACCUMULATING,🔥 主力吸筹,-0.088,0.0561,🟢 信号确认,0,29.35,29.74,0.3333
002572.SZ,20260127,14.07,78,4,14,18,6,8,15,5,12,WASHING,🟡 底部洗盘,-0.0313,0.0,🟢 信号确认,0,13.85,13.97,0.7023
601065.SH,20260127,8.65,75,3,10,12,6,8,15,12,12,WASHING,🟡 底部洗盘,-0.0087,0.0,🟢 信号确认,0,8.51,8.44,0.7213
300351.SZ,20260128,18.45,107,6,14,21,14,15,12,15,16,ACCUMULATING,🔥 主力吸筹,-0.048,0.0171,🟢 信号确认,0,18.43,18.63,0.5035
603489.SH,20260128,31.48,102,6,16,25,18,15,12,0,16,ACCUMULATING,🔥 主力吸筹,-0.0723,0.0326,🟢 信号确认,0,31.02,31.52,0.6359
000541.SZ,20260128,6.36,85,5,10,18,6,15,12,12,12,WASHING,🟡 底部洗盘,-0.037,-0.0047,🟢 信号确认,0,6.35,6.38,0.5228
300307.SZ,20260128,7.51,72,4,18,9,6,15,12,0,12,WASHING,🟡 底部洗盘,-0.0069,0.0,🟢 接近,1,7.49,7.54,0.506
002386.SZ,20260128,6.15,60,4,14,18,17,2,2,15,12,ACCUMULATING,🔥 主力吸筹,-0.0321,0.0163,🟢 接近,1,5.62,5.59,0.9226
600654.SH,20260129,3.94,105,6,14,21,21,10,15,12,12,ACCUMULATING,🔥 主力吸筹,-0.057,0.026,🟢 信号确认,0,3.95,3.92,0.4972
300351.SZ,20260129,17.95,90,5,14,21,18,4,6,15,12,ACCUMULATING,🔥 主力吸筹,-0.0547,0.0233,🟢 信号确认,0,18.43,18.63,0.2359
002386.SZ,20260129,6.07,71,5,14,18,21,8,10,12,12,ACCUMULATING,🔥 主力吸筹,-0.0331,0.0217,🟢 接近,1,5.65,5.59,0.8168
603489.SH,20260129,30.09,89,4,20,25,21,10,6,-5,12,ACCUMULATING,🔥 主力吸筹,-0.0658,0.0273,🟢 信号确认,0,30.86,31.52,0.3082
002573.SZ,20260129,3.97,78,3,10,15,6,8,15,12,12,WASHING,🟡 底部洗盘,-0.0152,0.0,🟢 信号确认,0,3.87,3.82,0.7246
300351.SZ,20260130,17.76,91,5,18,21,18,4,6,12,12,ACCUMULATING,🔥 主力吸筹,-0.0547,0.0233,🟢 信号确认,0,18.43,18.63,0.2167
605005.SH,20260130,19.41,85,5,14,6,8,15,15,15,12,ACCUMULATING,🔥 主力吸筹,-0.0087,0.0079,🟢 信号确认,0,19.25,18.95,0.6447
002386.SZ,20260130,6.05,71,5,14,18,21,8,10,12,12,ACCUMULATING,🔥 主力吸筹,-0.0387,0.0217,🟢 接近,1,5.65,5.59,0.8133
603489.SH,20260130,30.26,92,4,18,25,21,10,6,0,12,ACCUMULATING,🔥 主力吸筹,-0.0697,0.0219,🟢 信号确认,0,30.86,31.52,0.3582
600872.SH,20260130,17.85,70,2,10,15,11,10,12,0,12,ACCUMULATING,🔥 主力吸筹,-0.0169,0.0084,🟢 接近,1,17.92,18.06,0.4466
600163.SH,20260203,5.96,90,6,16,18,6,15,15,8,12,WASHING,🟡 底部洗盘,-0.0322,0.0,🟢 信号确认,0,5.86,5.89,0.6776
000065.SZ,20260203,12.48,97,5,14,12,17,15,15,12,12,ACCUMULATING,🔥 主力吸筹,-0.0219,0.019,🟢 信号确认,0,12.35,12.3,0.654
688690.SH,20260203,29.0,72,5,10,18,21,8,15,12,12,ACCUMULATING,🔥 主力吸筹,-0.0313,0.0378,🟢 接近,1,28.02,28.18,0.7918
002386.SZ,20260203,5.95,88,4,14,21,8,8,10,15,12,ACCUMULATING,🔥 主力吸筹,-0.0519,0.0071,🟢 信号确认,0,5.69,5.59,0.707
000019.SZ,20260203,7.1,67,3,10,12,6,15,12,0,12,WASHING,🟡 底部洗盘,-0.0118,-0.0028,🟢 接近,1,7.1,7.12,0.5164
601198.SH,20260204,13.83,98,5,12,18,25,15,12,0,16,ACCUMULATING,🔥 主力吸筹,-0.0268,0.0617,🟢 信号确认,0,13.77,13.89,0.5908
000541.SZ,20260204,6.37,91,5,10,21,6,15,12,15,12,WASHING,🟡 底部洗盘,-0.0419,0.0,🟢 信号确认,0,6.32,6.38,0.5905
600163.SH,20260204,6.02,83,5,16,18,6,8,15,8,12,WASHING,🟡 底部洗盘,-0.0368,0.0,🟢 信号确认,0,5.86,5.89,0.7401
002573.SZ,20260204,3.87,85,4,10,15,6,15,15,12,12,WASHING,🟡 底部洗盘,-0.0192,0.0,🟢 信号确认,0,3.86,3.82,0.5509
000019.SZ,20260204,7.24,78,3,10,12,6,8,15,15,12,WASHING,🟡 底部洗盘,-0.0121,0.0,🟢 信号确认,0,7.1,7.12,0.7465
301558.SZ,20260224,9.24,101,6,14,15,21,15,12,12,12,ACCUMULATING,🔥 主力吸筹,-0.0379,0.0211,🟢 信号确认,0,9.19,9.31,0.5146
601198.SH,20260224,14.19,90,3,12,12,21,8,10,15,12,ACCUMULATING,🔥 主力吸筹,-0.0137,0.0229,🟢 信号确认,0,13.83,13.89,0.7594
688708.SH,20260227,64.39,117,7,20,25,18,15,15,12,12,ACCUMULATING,🔥 主力吸筹,-0.141,0.0226,🟢 信号确认,0,64.17,61.8,0.5411
301366.SZ,20260227,37.47,102,6,16,25,14,15,12,8,12,ACCUMULATING,🔥 主力吸筹,-0.0993,0.0193,🟢 信号确认,0,37.46,38.16,0.5082
002171.SZ,20260227,13.74,108,5,12,22,25,15,10,12,12,ACCUMULATING,🔥 主力吸筹,-0.0719,0.0875,🟢 信号确认,0,13.18,12.99,0.6401
605005.SH,20260227,19.5,94,5,16,15,6,15,15,15,12,WASHING,🟡 底部洗盘,-0.0157,0.0,🟢 信号确认,0,19.25,19.1,0.6711
000829.SZ,20260227,10.99,91,5,16,13,8,15,15,8,16,ACCUMULATING,🔥 主力吸筹,-0.0268,0.0056,🟢 信号确认,0,10.8,10.95,0.6995
300134.SZ,20260227,12.26,87,5,10,21,6,15,15,8,12,WASHING,🟡 底部洗盘,-0.0412,0.0,🟢 信号确认,0,12.22,12.22,0.5297
300782.SZ,20260227,80.19,86,5,14,9,18,15,10,8,12,ACCUMULATING,🔥 主力吸筹,-0.0106,0.039,🟢 信号确认,0,78.42,75.48,0.6579
001313.SZ,20260227,7.78,82,4,18,15,7,15,15,0,12,WASHING,🟡 底部洗盘,-0.0229,-0.0038,🟢 信号确认,0,7.77,7.77,0.5144
688708.SH,20260302,64.93,117,7,20,25,22,15,15,8,12,ACCUMULATING,🔥 主力吸筹,-0.1718,0.0465,🟢 信号确认,0,64.17,64.17,0.5948
002171.SZ,20260302,13.71,115,6,16,25,25,15,10,12,12,ACCUMULATING,🔥 主力吸筹,-0.0788,0.0885,🟢 信号确认,0,13.28,12.99,0.6369
002741.SZ,20260302,22.2,93,5,12,21,6,15,15,12,12,WASHING,🟡 底部洗盘,-0.0568,0.0,🟢 信号确认,0,21.85,21.69,0.598
605005.SH,20260302,19.58,87,4,16,15,6,8,15,15,12,WASHING,🟡 底部洗盘,-0.0157,0.0,🟢 信号确认,0,19.25,19.1,0.7398
300019.SZ,20260302,22.58,86,4,12,21,14,15,12,0,12,ACCUMULATING,🔥 主力吸筹,-0.0513,0.0123,🟢 信号确认,0,22.25,22.65,0.622
002180.SZ,20260302,20.61,81,4,14,25,25,4,6,-5,12,ACCUMULATING,🔥 主力吸筹,-0.1253,0.1035,🟢 信号确认,0,21.43,21.54,0.2353
000829.SZ,20260302,11.11,64,4,20,15,8,8,15,8,12,ACCUMULATING,🔥 主力吸筹,-0.0313,0.0056,🟢 接近,1,10.8,10.95,0.8183
300817.SZ,20260302,20.52,79,3,10,25,22,4,6,0,12,ACCUMULATING,🔥 主力吸筹,-0.0825,0.0562,🟢 信号确认,0,21.25,21.25,0.2391
688750.SH,20260310,20.76,108,7,14,18,22,15,15,8,16,ACCUMULATING,🔥 主力吸筹,-0.0536,0.0645,🟢 信号确认,0,20.63,20.63,0.5682
300019.SZ,20260310,22.42,105,6,20,21,14,15,15,8,12,ACCUMULATING,🔥 主力吸筹,-0.0591,0.0184,🟢 信号确认,0,22.11,21.84,0.6278
600724.SH,20260310,6.57,95,6,18,18,25,15,12,-5,12,ACCUMULATING,🔥 主力吸筹,-0.0344,0.1054,🟢 信号确认,0,6.5,6.69,0.5361
002125.SZ,20260310,14.83,98,5,18,21,12,15,15,5,12,ACCUMULATING,🔥 主力吸筹,-0.0467,0.0152,🟢 信号确认,0,14.71,14.71,0.6484
002166.SZ,20260310,9.33,67,5,14,21,25,8,15,-5,12,ACCUMULATING,🔥 主力吸筹,-0.0571,0.0476,🟢 接近,1,9.03,9.03,0.7922
600039.SH,20260310,10.01,90,4,14,15,14,15,15,5,12,ACCUMULATING,🔥 主力吸筹,-0.0164,0.0082,🟢 信号确认,0,9.88,9.84,0.6479
002158.SZ,20260310,24.49,77,3,18,25,17,4,6,-5,12,ACCUMULATING,🔥 主力吸筹,-0.067,0.0191,🟢 信号确认,0,25.59,25.27,0.2294
000739.SZ,20260408,18.11,101,6,18,21,18,15,12,5,12,ACCUMULATING,🔥 主力吸筹,-0.0546,0.0385,🟢 信号确认,0,17.8,18.22,0.6288
601838.SH,20260408,17.29,68,4,10,21,21,2,10,15,12,ACCUMULATING,🔥 主力吸筹,-0.0584,0.0371,🟢 接近,1,16.79,17.16,0.9001
603271.SH,20260410,47.92,75,6,18,18,22,8,15,8,12,ACCUMULATING,🔥 主力吸筹,-0.0515,0.0862,🟢 信号确认,0,46.25,47.86,0.8235
601098.SH,20260410,11.18,90,5,18,9,6,15,15,15,12,WASHING,🟡 底部洗盘,-0.0106,0.0018,🟢 信号确认,0,11.13,11.13,0.6334
000739.SZ,20260410,17.82,89,5,18,21,16,15,12,-5,12,ACCUMULATING,🔥 主力吸筹,-0.0524,0.0283,🟢 信号确认,0,17.8,18.22,0.5082
601838.SH,20260410,17.43,74,5,14,21,25,2,10,15,12,ACCUMULATING,🔥 主力吸筹,-0.0545,0.0414,🟢 接近,1,16.86,17.16,0.9406
002170.SZ,20260415,13.45,105,7,14,21,20,15,15,8,12,ACCUMULATING,🔥 主力吸筹,-0.0523,0.0439,🟢 信号确认,0,13.32,13.4,0.5624
601098.SH,20260415,11.09,86,5,18,12,9,15,12,8,12,WASHING,🟡 底部洗盘,-0.0099,-0.0045,🟢 信号确认,0,11.06,11.13,0.5071
600959.SH,20260415,4.1,82,5,10,18,4,15,15,8,12,WASHING,🟡 底部洗盘,-0.0407,-0.005,🟢 信号确认,0,4.02,3.95,0.6201
300109.SZ,20260415,18.6,85,4,20,15,11,15,12,0,12,ACCUMULATING,🔥 主力吸筹,-0.0248,0.0164,🟢 信号确认,0,18.6,18.9,0.5377
002170.SZ,20260417,13.92,109,7,14,21,20,15,15,8,16,ACCUMULATING,🔥 主力吸筹,-0.0576,0.0444,🟢 信号确认,0,13.4,13.4,0.6978
300109.SZ,20260417,18.84,91,5,18,12,11,15,15,8,12,ACCUMULATING,🔥 主力吸筹,-0.0237,0.0109,🟢 信号确认,0,18.6,18.8,0.6391
600959.SH,20260417,4.15,88,4,10,25,6,8,15,12,12,WASHING,🟡 底部洗盘,-0.0615,-0.0049,🟢 信号确认,0,4.04,4.11,0.7037
002833.SZ,20260417,18.44,80,4,14,12,11,8,15,8,12,ACCUMULATING,🔥 主力吸筹,-0.0168,0.0152,🟢 信号确认,0,18.06,18.06,0.7488
601098.SH,20260417,11.11,79,4,14,15,6,15,12,5,12,WASHING,🟡 底部洗盘,-0.0158,-0.0045,🟢 信号确认,0,11.06,11.13,0.5058
