ticker,pool,signal_date,entry_date,entry_price,exit_date,exit_price,days_held,shares,partial_sold,realized_pnl,pnl_pct,entry_score,exit_reason,capital_used,green_count,dyn_signal
ARIS,A,2025-08-29,2025-09-02,8.789,2025-09-18,9.181,12,1137,True,599.46,6.0,23,MA10追踪出场,9997.84,7,
DQ,A,2025-08-29,2025-09-02,24.715,2025-09-11,25.844,7,404,True,596.91,5.98,22,MA10追踪出场,9989.73,7,
NXE,A,2025-08-29,2025-09-02,7.608,2025-10-02,8.811,22,1314,True,1409.52,14.09,21,MA10追踪出场,10001.38,7,
AG,A,2025-09-02,2025-09-03,9.727,2025-09-04,9.232,1,1028,False,-514.22,-5.14,23,硬止损-5%,10004.58,7,
MUX,A,2025-09-02,2025-09-03,14.114,2025-09-04,13.395,1,708,False,-513.87,-5.14,23,硬止损-5%,9997.78,7,
BTE,A,2025-09-02,2025-09-03,2.313,2025-09-04,2.195,1,4323,False,-514.22,-5.14,21,硬止损-5%,10004.43,7,
GOOGL,A,2025-09-03,2025-09-04,229.363,2025-09-24,246.558,14,43,True,790.22,8.01,23,MA10追踪出场,9867.52,7,
GOOG,A,2025-09-03,2025-09-04,229.867,2025-09-24,247.247,14,43,True,792.1,8.01,23,MA10追踪出场,9889.24,7,
M,A,2025-09-03,2025-09-04,15.908,2025-09-22,16.559,12,628,True,550.67,5.51,23,MA10追踪出场,9995.44,7,
SNDK,A,2025-09-04,2025-09-05,65.586,2025-09-25,94.196,14,152,True,3307.99,33.17,23,MA10追踪出场,9973.98,7,
AEO,A,2025-09-04,2025-09-05,18.523,2025-09-08,17.579,1,539,False,-513.41,-5.14,23,硬止损-5%,9988.84,7,
CIEN,A,2025-09-04,2025-09-05,115.976,2025-09-25,137.033,14,86,True,1600.63,16.04,22,MA10追踪出场,9978.91,7,
JKS,A,2025-09-05,2025-09-08,25.405,2025-09-09,24.111,1,393,False,-513.44,-5.14,23,硬止损-5%,9989.31,7,
EQX,A,2025-09-05,2025-09-08,9.951,2025-09-18,10.38,8,1004,True,615.67,6.16,23,MA10追踪出场,9995.44,7,
SITE,A,2025-09-05,2025-09-08,152.803,2025-09-09,145.017,1,65,False,-510.76,-5.14,20,硬止损-5%,9937.14,7,
AVGO,A,2025-09-08,2025-09-09,347.904,2025-09-25,330.178,12,28,False,-500.94,-5.14,23,硬止损-5%,9746.19,7,
APP,A,2025-09-08,2025-09-09,547.362,2025-10-06,547.908,19,18,True,336.46,3.41,23,成本止损,9857.44,7,
HL,A,2025-09-08,2025-09-09,10.025,2025-09-24,10.934,11,997,True,966.67,9.67,23,MA10追踪出场,9999.98,7,
APH,A,2025-09-09,2025-09-10,117.495,2025-11-05,138.191,40,85,True,1476.44,14.78,20,持仓40天强制出场,9992.1,7,
BABA,A,2025-09-09,2025-09-10,145.565,2025-10-08,180.939,20,68,True,1983.85,20.03,20,MA10追踪出场,9903.4,7,
PBF,A,2025-09-09,2025-09-10,29.162,2025-09-11,27.676,1,342,False,-512.87,-5.14,20,硬止损-5%,9978.27,7,
GLW,A,2025-09-10,2025-09-11,74.86,2025-10-10,82.461,21,133,True,1011.66,10.16,23,MA10追踪出场,9961.31,7,
ANET,A,2025-09-10,2025-09-11,152.142,2025-09-12,144.39,1,65,False,-508.55,-5.14,23,硬止损-5%,9894.17,7,
MU,A,2025-09-10,2025-09-11,147.653,2025-09-25,156.446,10,67,True,782.99,7.91,20,MA10追踪出场,9897.73,7,
PSKY,A,2025-09-11,2025-09-12,17.275,2025-10-01,18.702,13,578,True,825.26,8.26,22,MA10追踪出场,9990.0,7,
AG,A,2025-09-11,2025-09-12,10.648,2025-09-17,10.105,3,939,False,-514.16,-5.14,22,硬止损-5%,10003.38,7,
BX,A,2025-09-11,2025-09-12,179.476,2025-09-25,170.331,9,55,False,-507.62,-5.14,21,硬止损-5%,9876.1,7,
WBD,A,2025-09-12,2025-09-15,18.789,2025-09-16,17.831,1,532,False,-514.02,-5.14,23,硬止损-5%,10000.62,7,
CENX,A,2025-09-12,2025-09-15,26.476,2025-10-07,28.062,16,377,True,755.93,7.57,23,MA10追踪出场,9986.61,7,
TSLA,A,2025-09-12,2025-09-15,423.553,2025-10-03,423.976,14,23,True,85.92,0.88,22,成本止损,9746.59,7,
SA,A,2025-09-15,2025-09-16,20.42,2025-09-17,19.38,1,489,False,-513.5,-5.14,23,硬止损-5%,9990.57,7,
CCJ,A,2025-09-15,2025-09-16,86.248,2025-09-17,81.854,1,115,False,-510.06,-5.14,22,硬止损-5%,9923.53,7,
JKS,A,2025-09-15,2025-09-16,26.777,2025-09-17,25.412,1,373,False,-513.61,-5.14,22,硬止损-5%,9992.72,7,
BTE,A,2025-09-16,2025-09-17,2.552,2025-09-19,2.422,2,3917,False,-514.12,-5.14,20,硬止损-5%,10002.6,7,
APA,A,2025-09-16,2025-09-17,23.838,2025-09-22,22.624,3,419,False,-513.64,-5.14,19,硬止损-5%,9993.2,7,
REZI,A,2025-09-16,2025-09-17,39.67,2025-10-07,41.638,14,252,True,610.8,6.11,19,MA10追踪出场,10001.75,7,
BTU,A,2025-09-17,2025-09-18,21.121,2025-10-17,31.132,21,473,True,3438.68,34.4,23,MA10追踪出场,9995.46,7,
UNFI,A,2025-09-17,2025-09-18,30.51,2025-09-22,28.956,2,327,False,-513.06,-5.14,22,硬止损-5%,9981.92,7,
CAT,A,2025-09-17,2025-09-18,449.067,2025-10-22,512.198,24,22,True,1261.31,12.76,18,MA10追踪出场,9884.41,7,
CSTM,A,2025-09-18,2025-09-19,16.416,2025-09-22,15.58,1,609,False,-514.12,-5.14,22,硬止损-5%,10002.59,7,
PIPR,A,2025-09-18,2025-09-19,90.794,2025-09-24,86.168,3,110,False,-513.59,-5.14,21,硬止损-5%,9992.3,7,
MPWR,A,2025-09-18,2025-09-19,919.271,2025-09-25,872.434,4,10,False,-472.73,-5.14,20,硬止损-5%,9197.31,7,
B,A,2025-09-19,2025-09-22,33.665,2025-10-21,31.95,21,297,False,-514.17,-5.14,23,硬止损-5%,10003.59,7,
DRD,A,2025-09-19,2025-09-22,26.539,2025-10-09,27.733,13,376,True,659.91,6.61,23,MA10追踪出场,9983.82,7,
EXK,A,2025-09-19,2025-09-22,7.057,2025-10-03,7.692,9,1417,True,875.85,8.75,23,MA10追踪出场,10004.84,7,
SVM,A,2025-09-22,2025-09-23,6.196,2025-09-24,5.88,1,1613,False,-513.96,-5.14,23,硬止损-5%,9999.45,7,
AG,A,2025-09-22,2025-09-23,12.289,2025-09-24,11.663,1,813,False,-513.79,-5.14,21,硬止损-5%,9996.05,7,
GDOT,A,2025-09-22,2025-09-23,15.255,2025-09-24,14.478,1,655,False,-513.84,-5.14,21,硬止损-5%,9997.18,7,
ONTO,A,2025-09-23,2025-09-24,136.657,2025-09-25,129.694,1,73,False,-513.01,-5.14,22,硬止损-5%,9980.91,7,
GTX,A,2025-09-23,2025-09-24,13.812,2025-09-29,13.108,3,724,False,-514.24,-5.14,21,硬止损-5%,10004.89,7,
BTG,A,2025-09-23,2025-09-24,4.916,2025-10-21,5.155,19,2034,True,721.57,7.21,21,MA10追踪出场,10004.11,7,
BABA,A,2025-09-24,2025-09-25,173.573,2025-10-08,180.939,9,57,True,570.62,5.76,23,MA10追踪出场,9898.63,7,
BTU,A,2025-09-24,2025-09-25,25.605,2025-09-26,24.3,1,390,False,-513.52,-5.14,23,硬止损-5%,9990.87,7,
LAC,A,2025-09-24,2025-09-25,6.787,2025-09-26,6.441,1,1473,False,-514.09,-5.14,22,硬止损-5%,10001.93,7,
INTC,A,2025-09-25,2025-09-26,35.055,2025-09-30,33.269,2,285,False,-513.77,-5.14,23,硬止损-5%,9995.68,7,
DQ,A,2025-09-25,2025-09-26,30.53,2025-09-29,28.975,1,327,False,-513.4,-5.14,22,硬止损-5%,9988.47,7,
SNX,A,2025-09-25,2025-09-26,161.572,2025-10-10,153.34,10,61,False,-506.83,-5.14,21,硬止损-5%,9860.82,7,
EA,A,2025-09-26,2025-09-29,203.321,2025-11-03,199.315,25,49,False,-201.17,-2.02,22,横盘25天出场,9967.7,7,
CLF,A,2025-09-26,2025-09-29,12.472,2025-10-17,13.307,14,801,True,817.51,8.18,19,MA10追踪出场,9995.44,7,
FE,A,2025-09-26,2025-09-29,44.343,2025-11-03,45.116,25,225,False,169.02,1.69,19,横盘25天出场,9982.09,6,
HBM,A,2025-09-29,2025-09-30,15.11,2025-10-17,16.388,13,661,True,959.99,9.61,23,MA10追踪出场,9992.97,7,
CENX,A,2025-09-29,2025-09-30,28.999,2025-10-21,30.959,15,344,True,706.49,7.08,23,MA10追踪出场,9980.63,7,
SA,A,2025-09-29,2025-09-30,23.363,2025-10-21,23.387,15,428,True,402.49,4.02,21,成本止损,10004.51,7,
UNFI,A,2025-09-30,2025-10-01,38.458,2025-10-20,41.259,13,260,True,826.61,8.26,23,MA10追踪出场,10004.19,7,
CRH,A,2025-09-30,2025-10-01,119.06,2025-11-06,112.994,26,83,False,-508.18,-5.14,21,硬止损-5%,9886.92,7,
FSM,A,2025-09-30,2025-10-01,9.039,2025-10-02,8.578,1,1106,False,-514.1,-5.14,21,硬止损-5%,10002.17,7,
ABBV,A,2025-10-01,2025-10-02,235.54,2025-10-06,223.539,2,42,False,-508.73,-5.14,23,硬止损-5%,9897.63,7,
VIPS,A,2025-10-01,2025-10-02,20.068,2025-10-10,19.045,6,498,False,-513.92,-5.14,23,硬止损-5%,9998.63,7,
GSK,A,2025-10-01,2025-10-02,44.013,2025-11-28,47.43,40,227,False,770.41,7.71,22,持仓40天强制出场,9995.87,7,
TAC,A,2025-10-03,2025-10-06,14.461,2025-11-04,16.602,21,691,True,1224.23,12.25,23,MA10追踪出场,9997.57,7,
SHOP,A,2025-10-03,2025-10-06,166.717,2025-10-10,158.222,4,59,False,-505.83,-5.14,22,硬止损-5%,9841.19,7,
CNR,A,2025-10-03,2025-10-06,89.266,2025-10-15,89.355,7,112,True,302.8,3.03,20,成本止损,10002.83,7,
BANC,A,2025-10-06,2025-10-07,17.809,2025-10-10,16.901,3,561,False,-513.77,-5.14,22,硬止损-5%,9995.75,7,
GSAT,A,2025-10-06,2025-10-07,44.544,2025-10-14,42.275,5,224,False,-513.11,-5.14,21,硬止损-5%,9982.96,7,
BEPC,A,2025-10-06,2025-10-07,37.358,2025-11-11,41.796,25,267,True,1186.38,11.89,20,MA10追踪出场,9979.49,7,
DELL,A,2025-10-07,2025-10-08,153.643,2025-10-21,145.815,9,65,False,-513.57,-5.14,22,硬止损-5%,9991.77,6,
AA,A,2025-10-07,2025-10-08,36.359,2025-10-30,36.395,16,275,True,326.19,3.26,20,成本止损,10003.66,6,
MD,A,2025-10-07,2025-10-08,17.678,2025-10-09,16.777,1,565,False,-513.62,-5.14,17,硬止损-5%,9992.87,6,
AMD,A,2025-10-08,2025-10-09,236.536,2025-10-10,224.485,1,42,False,-510.88,-5.14,23,硬止损-5%,9939.49,7,
CLF,A,2025-10-08,2025-10-09,14.104,2025-10-10,13.385,1,709,False,-514.23,-5.14,23,硬止损-5%,10004.8,7,
EXK,A,2025-10-08,2025-10-09,8.599,2025-10-10,8.16,1,1162,False,-513.81,-5.14,23,硬止损-5%,9996.56,7,
ALB,A,2025-10-09,2025-10-10,94.973,2025-10-22,90.134,8,105,False,-512.81,-5.14,20,硬止损-5%,9977.13,7,
BKD,A,2025-10-09,2025-10-10,8.909,2025-11-07,8.455,20,1122,False,-514.03,-5.14,21,硬止损-5%,10000.78,6,
BIPC,A,2025-10-10,2025-10-13,44.598,2025-10-30,42.326,13,224,False,-513.73,-5.14,20,硬止损-5%,9995.0,6,
MDU,A,2025-10-10,2025-10-13,18.521,2025-11-17,20.139,25,539,True,898.54,9.0,19,MA10追踪出场,9987.64,6,
TAC,A,2025-10-10,2025-10-13,16.286,2025-11-06,15.456,18,614,False,-514.23,-5.14,19,硬止损-5%,10004.67,6,
RCUS,A,2025-10-13,2025-10-14,16.326,2025-10-15,15.494,1,612,False,-513.82,-5.14,20,硬止损-5%,9996.7,7,
PII,A,2025-10-14,2025-10-15,68.723,2025-10-16,65.222,1,145,False,-512.44,-5.14,23,硬止损-5%,9969.84,7,
CAT,A,2025-10-14,2025-10-15,531.958,2025-11-11,566.038,19,18,True,713.3,7.45,20,MA10追踪出场,9580.03,7,
NXE,A,2025-10-14,2025-10-15,9.69,2025-10-16,9.196,1,1032,False,-514.23,-5.14,19,硬止损-5%,10004.75,7,
FSLR,A,2025-10-15,2025-10-16,242.342,2025-10-17,229.995,1,41,False,-510.96,-5.14,23,硬止损-5%,9940.99,7,
HI,A,2025-10-15,2025-10-16,31.078,2025-11-20,31.373,25,321,False,89.65,0.9,23,横盘25天出场,9981.15,7,
EDU,A,2025-10-15,2025-10-16,58.008,2025-10-28,55.052,8,172,False,-513.08,-5.14,22,硬止损-5%,9982.36,7,
ASX,A,2025-10-16,2025-10-17,12.803,2025-11-11,14.965,17,781,True,1523.13,15.23,22,MA10追踪出场,10003.98,7,
AU,A,2025-10-16,2025-10-17,74.307,2025-10-21,70.521,2,134,False,-512.04,-5.14,21,硬止损-5%,9962.05,7,
BVN,A,2025-10-16,2025-10-17,25.926,2025-10-21,24.605,2,385,False,-513.29,-5.14,21,硬止损-5%,9986.46,7,
PLD,A,2025-10-17,2025-10-20,123.364,2025-11-24,124.347,25,81,False,74.56,0.75,18,横盘25天出场,9997.48,7,
LBRT,A,2025-10-17,2025-10-20,15.691,2025-10-22,14.891,2,637,False,-513.99,-5.14,21,硬止损-5%,9999.96,6,
AA,A,2025-10-20,2025-10-21,37.834,2025-10-22,35.906,1,264,False,-513.64,-5.14,20,硬止损-5%,9993.13,7,
J,A,2025-10-20,2025-10-21,161.931,2025-11-03,153.681,9,61,False,-507.96,-5.14,20,硬止损-5%,9882.73,6,
BKH,A,2025-10-20,2025-10-21,63.481,2025-11-19,68.959,21,157,True,893.43,8.96,18,MA10追踪出场,9971.46,6,
IQV,A,2025-10-21,2025-10-22,218.759,2025-11-05,207.613,10,45,False,-506.23,-5.14,20,硬止损-5%,9849.06,7,
TMO,A,2025-10-21,2025-10-22,555.089,2025-12-08,566.655,32,18,False,203.09,2.03,17,横盘32天出场,9996.6,7,
STLD,A,2025-10-21,2025-10-22,152.125,2025-12-18,173.359,40,65,True,1233.91,12.47,22,持仓40天强制出场,9893.05,6,
FRO,A,2025-10-23,2025-10-24,23.198,2025-12-02,22.561,26,431,False,-279.41,-2.79,23,横盘26天出场,10003.35,7,
NOK,A,2025-10-23,2025-10-24,6.156,2025-11-05,6.843,8,1624,True,1141.03,11.41,23,MA10追踪出场,10002.59,7,
RIG,A,2025-10-23,2025-10-24,3.904,2025-11-14,4.006,15,2561,True,443.7,4.44,22,MA10追踪出场,10002.89,7,
F,A,2025-10-24,2025-10-27,13.51,2025-10-28,12.821,1,740,False,-514.09,-5.14,22,硬止损-5%,10002.07,7,
ALB,A,2025-10-24,2025-10-27,103.305,2025-10-28,98.042,1,96,False,-509.99,-5.14,21,硬止损-5%,9922.27,7,
EME,A,2025-10-24,2025-10-27,749.799,2025-10-30,711.597,3,13,False,-501.25,-5.14,20,硬止损-5%,9752.26,7,
INCY,A,2025-10-27,2025-10-28,92.232,2025-11-14,104.046,13,108,True,1177.52,11.82,20,MA10追踪出场,9966.05,7,
TEX,A,2025-10-27,2025-10-28,57.952,2025-10-30,55.0,2,172,False,-512.59,-5.14,20,硬止损-5%,9972.78,7,
THC,A,2025-10-27,2025-10-28,210.14,2025-11-03,199.433,4,47,False,-507.9,-5.14,19,硬止损-5%,9881.51,7,
ZYME,A,2025-10-28,2025-10-29,19.419,2025-11-03,18.43,3,514,False,-513.3,-5.14,23,硬止损-5%,9986.56,7,
BEPC,A,2025-10-28,2025-10-29,42.961,2025-11-13,40.772,11,232,False,-512.55,-5.14,22,硬止损-5%,9972.02,7,
CX,A,2025-10-28,2025-10-29,10.308,2025-12-26,11.942,40,970,True,1428.12,14.28,22,持仓40天强制出场,10003.99,7,
CAT,A,2025-10-29,2025-10-30,577.118,2025-11-04,547.713,3,17,False,-504.53,-5.14,23,硬止损-5%,9815.91,7,
TER,A,2025-10-29,2025-10-30,172.72,2025-11-11,176.845,8,57,True,377.71,3.83,23,MA10追踪出场,9849.96,7,
PUMP,A,2025-10-29,2025-10-30,10.43,2025-11-13,9.899,10,958,False,-513.85,-5.14,23,硬止损-5%,9997.34,7,
CHRW,A,2025-10-30,2025-10-31,153.811,2025-11-07,145.974,5,65,False,-514.13,-5.14,23,硬止损-5%,10002.72,7,
CAH,A,2025-10-30,2025-10-31,191.32,2025-12-01,206.774,20,52,True,852.28,8.56,22,MA10追踪出场,9953.63,7,
WCC,A,2025-10-30,2025-10-31,249.206,2025-12-12,259.625,29,40,True,525.81,5.27,22,MA10追踪出场,9973.23,7,
FSLR,A,2025-10-31,2025-11-03,266.196,2025-11-14,252.633,9,37,False,-506.49,-5.14,23,硬止损-5%,9854.17,7,
NET,A,2025-10-31,2025-11-03,255.165,2025-11-04,242.164,1,39,False,-511.75,-5.14,22,硬止损-5%,9956.41,7,
DQ,A,2025-10-31,2025-11-03,31.982,2025-11-04,30.352,1,312,False,-513.13,-5.14,22,硬止损-5%,9983.36,7,
INCY,A,2025-11-03,2025-11-04,101.952,2025-12-08,96.757,23,98,False,-513.8,-5.14,23,硬止损-5%,9996.28,7,
MD,A,2025-11-03,2025-11-04,21.101,2025-12-03,23.267,20,473,True,996.89,9.98,23,MA10追踪出场,9985.8,7,
FLS,A,2025-11-03,2025-11-04,69.882,2025-11-14,66.321,8,143,False,-513.89,-5.14,21,硬止损-5%,9998.06,7,
DD,A,2025-11-04,2025-11-05,37.773,2025-12-16,40.248,28,264,True,739.06,7.41,23,MA10追踪出场,9977.11,7,
LDOS,A,2025-11-04,2025-11-05,199.232,2025-11-14,189.081,7,50,False,-512.27,-5.14,21,硬止损-5%,9966.6,7,
WAT,A,2025-11-04,2025-11-05,366.917,2025-12-04,395.974,20,27,True,916.78,9.25,22,MA10追踪出场,9911.7,6,
TEVA,A,2025-11-05,2025-11-06,24.074,2026-01-06,32.078,40,415,True,2595.66,25.97,23,持仓40天强制出场,9995.73,7,
JCI,A,2025-11-05,2025-11-06,120.4,2025-11-18,114.265,8,83,False,-513.89,-5.14,22,硬止损-5%,9998.16,7,
CWEN,A,2025-11-05,2025-11-06,33.815,2025-12-12,32.092,25,295,False,-512.98,-5.14,22,硬止损-5%,9980.4,7,
DDOG,A,2025-11-06,2025-11-07,184.474,2025-11-18,175.075,7,54,False,-512.27,-5.14,23,硬止损-5%,9966.59,7,
FSLY,A,2025-11-06,2025-11-07,10.711,2025-11-17,10.721,6,933,True,376.95,3.77,23,成本止损,9998.08,7,
TDC,A,2025-11-06,2025-11-07,27.808,2025-11-14,26.391,5,359,False,-513.37,-5.14,23,硬止损-5%,9987.98,7,
GMED,A,2025-11-07,2025-11-10,83.453,2025-12-03,87.662,16,119,True,625.32,6.29,23,MA10追踪出场,9935.92,7,
EXPE,A,2025-11-07,2025-11-10,261.557,2025-11-17,248.231,5,38,False,-511.12,-5.14,22,硬止损-5%,9944.14,7,
CAH,A,2025-11-07,2025-11-10,200.116,2025-12-16,196.724,25,49,False,-171.03,-1.74,21,横盘25天出场,9810.57,7,
HASI,A,2025-11-10,2025-11-11,33.112,2025-11-20,31.425,7,302,False,-514.23,-5.14,23,硬止损-5%,10004.77,7,
BKD,A,2025-11-10,2025-11-11,9.9,2025-12-03,10.599,15,1010,True,660.88,6.61,22,MA10追踪出场,10003.89,7,
LLY,A,2025-11-10,2025-11-11,964.488,2025-12-01,1055.071,13,10,True,905.97,9.39,21,MA10追踪出场,9649.7,7,
FDX,A,2025-11-11,2025-11-12,265.961,2026-01-12,310.35,40,37,True,1437.23,14.6,22,持仓40天强制出场,9845.48,7,
BORR,A,2025-11-11,2025-11-12,3.373,2025-11-13,3.201,1,2964,False,-514.18,-5.14,21,硬止损-5%,10003.67,7,
ZYME,A,2025-11-11,2025-11-12,19.99,2025-11-13,18.971,1,500,False,-513.99,-5.14,20,硬止损-5%,9999.98,7,
SQM,A,2025-11-12,2025-11-13,54.254,2025-11-14,51.49,1,184,False,-513.36,-5.14,18,硬止损-5%,9987.76,7,
BKH,A,2025-11-12,2025-11-13,70.531,2025-12-19,66.937,25,141,False,-511.41,-5.14,17,硬止损-5%,9949.82,6,
ALB,A,2025-11-13,2025-11-14,108.412,2025-12-04,118.369,13,92,True,867.71,8.7,22,MA10追踪出场,9978.92,7,
CSCO,A,2025-11-13,2025-11-14,75.838,2025-12-22,77.198,25,131,False,173.18,1.74,22,横盘25天出场,9939.7,7,
SEE,A,2025-11-13,2025-11-14,42.288,2025-12-22,41.022,25,236,False,-303.59,-3.04,22,横盘25天出场,9985.01,7,
B,A,2025-11-14,2025-11-17,36.453,2025-12-08,39.646,14,274,True,940.43,9.41,19,MA10追踪出场,9993.01,7,
BIIB,A,2025-11-14,2025-11-17,167.167,2025-12-08,180.26,14,59,True,698.47,7.08,18,MA10追踪出场,9867.78,7,
FRO,A,2025-11-14,2025-11-17,24.615,2025-11-25,23.36,6,406,False,-513.91,-5.14,18,硬止损-5%,9998.51,7,
JKS,A,2025-11-17,2025-11-18,29.379,2025-11-19,27.882,1,340,False,-513.68,-5.14,22,硬止损-5%,9993.97,6,
JNJ,A,2025-11-17,2025-11-18,196.905,2026-01-16,217.286,40,50,True,1011.86,10.27,18,持仓40天强制出场,9850.19,6,
MRK,A,2025-11-18,2025-11-19,94.581,2025-12-04,99.2,10,105,True,643.87,6.48,22,MA10追踪出场,9935.98,7,
CNQ,A,2025-11-18,2025-11-19,33.103,2025-12-16,31.416,18,302,False,-514.09,-5.14,18,硬止损-5%,10002.02,7,
VLO,A,2025-11-18,2025-11-19,177.32,2025-11-21,168.285,2,56,False,-510.64,-5.14,21,硬止损-5%,9934.88,6,
SQM,A,2025-11-19,2025-11-20,61.692,2025-11-21,58.548,1,162,False,-513.94,-5.14,21,硬止损-5%,9999.04,7,
GOOGL,A,2025-11-19,2025-11-20,304.431,2025-12-29,313.026,25,32,False,270.04,2.77,19,横盘25天出场,9746.66,6,
GOOG,A,2025-11-19,2025-11-20,304.631,2025-12-31,313.265,27,32,False,271.28,2.78,15,横盘27天出场,9753.07,6,
REGN,A,2025-11-20,2025-11-21,735.861,2025-12-09,698.369,11,13,False,-491.94,-5.14,23,硬止损-5%,9570.97,7,
ROST,A,2025-11-21,2025-11-24,172.782,2026-01-23,187.962,40,57,True,873.55,8.87,21,持仓40天强制出场,9853.48,7,
IDXX,A,2025-11-21,2025-11-24,733.783,2025-12-10,696.397,11,13,False,-490.55,-5.14,19,硬止损-5%,9543.95,7,
UGI,A,2025-11-21,2025-11-24,36.941,2025-12-31,37.015,25,270,False,14.99,0.15,22,横盘25天出场,9979.02,6,
CMI,A,2025-11-24,2025-11-25,488.298,2026-01-26,567.482,40,20,True,1439.49,14.73,21,持仓40天强制出场,9770.84,7,
HCA,A,2025-11-24,2025-11-25,500.312,2025-12-10,474.821,10,19,False,-488.84,-5.14,21,硬止损-5%,9510.68,7,
BKD,A,2025-11-24,2025-11-25,11.351,2025-12-03,10.773,5,880,False,-513.69,-5.14,21,硬止损-5%,9994.17,7,
MRK,A,2025-11-25,2025-11-26,103.054,2025-12-05,97.803,6,97,False,-514.05,-5.14,21,硬止损-5%,10001.23,7,
RL,A,2025-11-25,2025-11-26,363.306,2026-01-05,357.181,25,27,False,-170.18,-1.73,21,横盘25天出场,9814.16,7,
A,A,2025-11-25,2025-11-26,155.263,2025-12-04,147.353,5,64,False,-511.0,-5.14,21,硬止损-5%,9941.82,7,
HLF,A,2025-11-26,2025-11-28,13.353,2025-12-01,12.673,1,748,False,-513.64,-5.14,23,硬止损-5%,9993.29,7,
ARR,A,2025-11-26,2025-11-28,16.384,2026-01-28,17.711,40,610,True,872.37,8.72,17,持仓40天强制出场,9999.24,7,
AEO,A,2025-12-01,2025-12-02,21.082,2025-12-24,26.325,16,474,True,2053.27,20.54,23,MA10追踪出场,9997.94,7,
LEG,A,2025-12-01,2025-12-02,11.802,2025-12-03,11.201,1,847,False,-514.07,-5.14,23,硬止损-5%,10001.65,7,
B,A,2025-12-01,2025-12-02,41.552,2025-12-29,43.609,18,240,True,612.77,6.14,19,MA10追踪出场,9977.55,7,
JBHT,A,2025-12-02,2025-12-03,185.644,2026-01-27,202.272,36,53,True,920.99,9.36,23,MA21追踪出场,9844.06,7,
SMFG,A,2025-12-02,2025-12-03,18.508,2026-02-02,21.079,40,540,True,1279.88,12.8,18,持仓40天强制出场,9999.58,7,
KNX,A,2025-12-02,2025-12-03,48.696,2025-12-30,52.375,18,205,True,789.55,7.91,20,MA10追踪出场,9987.58,6,
VALE,A,2025-12-03,2025-12-04,12.758,2025-12-08,12.108,2,783,False,-513.71,-5.14,23,硬止损-5%,9994.67,7,
AA,A,2025-12-03,2025-12-04,43.922,2026-01-16,59.912,29,227,True,2733.93,27.41,21,MA10追踪出场,9975.28,7,
BORR,A,2025-12-03,2025-12-04,3.754,2025-12-12,3.936,6,2664,True,577.96,5.78,21,MA10追踪出场,10004.99,7,
DG,A,2025-12-04,2025-12-05,124.194,2025-12-30,134.47,16,80,True,838.85,8.44,22,MA10追踪出场,9940.49,7,
CM,A,2025-12-04,2025-12-05,90.335,2026-01-13,90.799,25,110,False,46.0,0.46,21,横盘25天出场,9941.87,7,
OII,A,2025-12-04,2025-12-05,27.247,2025-12-15,25.859,6,367,False,-514.23,-5.14,20,硬止损-5%,10004.73,7,
LUV,A,2025-12-05,2025-12-08,37.809,2025-12-26,41.061,13,264,True,827.87,8.29,22,MA10追踪出场,9986.64,7,
IVZ,A,2025-12-05,2025-12-08,26.056,2026-01-20,27.659,28,383,True,715.54,7.17,22,MA10追踪出场,9984.42,7,
DLTR,A,2025-12-05,2025-12-08,124.775,2026-01-20,133.926,28,80,True,809.3,8.1,22,MA10追踪出场,9986.96,7,
HXL,A,2025-12-08,2025-12-09,77.985,2025-12-11,74.011,2,128,False,-513.32,-5.14,19,硬止损-5%,9987.01,7,
RY,A,2025-12-08,2025-12-09,163.704,2026-01-20,167.273,27,61,False,212.61,2.13,17,横盘27天出场,9990.91,6,
TD,A,2025-12-08,2025-12-09,87.654,2026-02-06,95.825,40,114,False,925.96,9.26,17,持仓40天强制出场,9997.58,6,
PAAS,A,2025-12-09,2025-12-10,47.942,2025-12-31,51.623,14,208,True,892.8,8.95,23,MA10追踪出场,9976.94,7,
RVLV,A,2025-12-09,2025-12-10,28.278,2026-01-02,29.53,15,353,True,657.61,6.58,20,MA10追踪出场,9987.21,7,
ATI,A,2025-12-10,2025-12-11,105.736,2026-01-22,122.987,27,94,True,1388.33,13.96,23,MA10追踪出场,9944.12,7,
CFG,A,2025-12-10,2025-12-11,57.405,2026-02-10,67.482,40,174,True,1519.68,15.21,22,持仓40天强制出场,9993.41,7,
BVN,A,2025-12-11,2025-12-12,28.739,2025-12-15,27.274,1,347,False,-512.82,-5.14,23,硬止损-5%,9977.32,7,
DRD,A,2025-12-11,2025-12-12,32.537,2025-12-15,30.88,1,307,False,-513.68,-5.14,23,硬止损-5%,9993.96,7,
AA,A,2025-12-11,2025-12-12,47.07,2026-01-16,59.912,23,212,True,2215.72,22.19,21,MA10追踪出场,9983.83,7,
LUV,A,2025-12-12,2025-12-15,41.292,2026-01-22,42.215,25,242,False,218.19,2.18,21,横盘25天出场,9997.78,6,
KMT,A,2025-12-12,2025-12-15,29.145,2026-02-12,39.261,40,343,True,2711.68,27.11,18,持仓40天强制出场,10001.86,6,
GGB,A,2025-12-15,2025-12-16,3.714,2026-02-05,4.154,34,2692,True,1160.42,11.6,20,MA21追踪出场,10003.15,7,
SVM,A,2025-12-15,2025-12-16,8.579,2026-01-02,8.141,11,1165,False,-513.94,-5.14,20,硬止损-5%,9999.03,7,
CNO,A,2025-12-15,2025-12-16,42.875,2026-01-20,40.691,22,233,False,-513.73,-5.14,21,硬止损-5%,9994.92,6,
UBS,A,2025-12-16,2025-12-17,45.295,2026-02-04,44.805,32,220,False,-112.75,-1.13,20,横盘32天出场,9969.94,6,
TWLO,A,2025-12-16,2025-12-17,137.648,2026-01-12,130.634,16,72,False,-509.65,-5.14,19,硬止损-5%,9915.58,6,
TWO,A,2025-12-17,2025-12-18,10.403,2025-12-30,9.873,7,961,False,-514.08,-5.14,20,硬止损-5%,10001.85,6,
RGLD,A,2025-12-17,2025-12-18,221.149,2026-01-30,262.574,28,45,True,1575.49,15.82,20,MA10追踪出场,9956.69,6,
INFY,A,2025-12-18,2025-12-19,19.099,2025-12-30,18.126,6,523,False,-513.67,-5.14,22,硬止损-5%,9993.81,7,
CHRW,A,2025-12-18,2025-12-19,164.652,2026-02-12,164.816,36,60,True,377.77,3.82,20,成本止损,9884.05,6,
CENX,A,2025-12-19,2025-12-22,37.037,2026-01-26,45.065,22,270,True,1674.38,16.74,23,MA10追踪出场,10004.99,7,
IVR,A,2025-12-19,2025-12-22,8.113,2026-01-23,8.602,21,1232,True,719.65,7.2,22,MA10追踪出场,9999.81,7,
FSLR,A,2025-12-22,2025-12-23,282.282,2025-12-24,267.9,1,35,False,-508.07,-5.14,21,硬止损-5%,9884.81,7,
RIO,A,2025-12-22,2025-12-23,78.719,2026-02-05,88.553,29,127,True,1150.16,11.5,19,MA10追踪出场,10002.38,7,
BVN,A,2025-12-23,2025-12-24,29.9,2025-12-29,28.376,2,334,False,-513.55,-5.14,19,硬止损-5%,9991.55,7,
RVLV,A,2025-12-29,2025-12-30,31.351,2026-01-02,29.754,2,318,False,-512.69,-5.14,21,硬止损-5%,9974.7,7,
FTAI,A,2026-01-02,2026-01-05,212.534,2026-01-28,274.92,16,47,True,2375.53,23.77,23,MA10追踪出场,9994.07,7,
ASX,A,2026-01-02,2026-01-05,17.207,2026-01-30,18.961,18,581,True,1053.94,10.54,21,MA10追踪出场,10002.38,7,
WHD,A,2026-01-05,2026-01-06,49.411,2026-02-12,56.845,26,202,True,1398.09,14.0,23,MA10追踪出场,9986.02,7,
SLB,A,2026-01-05,2026-01-06,44.064,2026-01-30,48.048,17,226,True,964.9,9.68,22,MA10追踪出场,9963.54,7,
HAL,A,2026-01-05,2026-01-06,31.638,2026-01-07,30.027,1,316,False,-514.13,-5.14,22,硬止损-5%,10002.76,7,
FCX,A,2026-01-06,2026-01-07,55.027,2026-01-30,60.038,16,181,True,922.47,9.26,23,MA10追踪出场,9964.8,7,
BC,A,2026-01-06,2026-01-07,83.559,2026-01-29,79.302,15,119,False,-511.34,-5.14,23,硬止损-5%,9948.53,7,
VALE,A,2026-01-06,2026-01-07,14.084,2026-02-05,16.264,20,710,True,1374.47,13.74,23,MA10追踪出场,10004.69,7,
KEX,A,2026-01-07,2026-01-08,122.703,2026-01-29,116.451,14,81,False,-511.1,-5.14,23,硬止损-5%,9943.88,7,
REGN,A,2026-01-07,2026-01-08,805.647,2026-01-12,764.599,2,12,False,-497.16,-5.14,21,硬止损-5%,9672.59,7,
UMC,A,2026-01-07,2026-01-08,8.569,2026-01-29,10.569,14,1167,True,1953.6,19.53,21,MA10追踪出场,10004.51,7,
F,A,2026-01-08,2026-01-09,14.21,2026-01-16,13.486,5,703,False,-513.73,-5.14,22,硬止损-5%,9994.94,7,
KNX,A,2026-01-08,2026-01-09,57.369,2026-01-29,54.446,13,174,False,-513.33,-5.14,21,硬止损-5%,9987.17,7,
CX,A,2026-01-08,2026-01-09,12.286,2026-02-05,11.66,18,813,False,-513.65,-5.14,20,硬止损-5%,9993.5,7,
SCCO,A,2026-01-09,2026-01-12,170.855,2026-02-05,186.867,17,58,True,822.11,8.29,23,MA10追踪出场,9914.56,7,
INTC,A,2026-01-09,2026-01-12,44.284,2026-01-23,45.025,8,225,True,434.93,4.36,22,MA10追踪出场,9968.94,7,
PEB,A,2026-01-09,2026-01-12,12.803,2026-01-13,12.15,1,781,False,-514.18,-5.14,22,硬止损-5%,10003.78,7,
GOLD,A,2026-01-12,2026-01-13,43.176,2026-01-14,40.976,1,231,False,-512.89,-5.14,21,硬止损-5%,9978.55,7,
SITE,A,2026-01-12,2026-01-13,146.506,2026-02-18,152.238,24,68,True,623.11,6.25,21,MA10追踪出场,9967.41,6,
SKY,A,2026-01-12,2026-01-13,94.715,2026-01-26,89.889,8,105,False,-511.42,-5.14,17,硬止损-5%,9950.01,6,
MRNA,A,2026-01-13,2026-01-14,39.77,2026-01-28,45.255,9,251,True,1314.83,13.17,23,MA10追踪出场,9987.19,7,
KMT,A,2026-01-13,2026-01-14,33.18,2026-02-17,39.021,22,301,True,1569.41,15.71,23,MA10追踪出场,9992.02,7,
VTRS,A,2026-01-13,2026-01-14,13.27,2026-01-15,12.594,1,753,False,-513.85,-5.14,21,硬止损-5%,9997.27,7,
SON,A,2026-01-14,2026-01-15,48.832,2026-03-05,53.676,33,204,True,1054.75,10.58,20,MA21追踪出场,9966.62,7,
SU,A,2026-01-14,2026-01-15,48.682,2026-02-25,55.266,27,205,True,1205.31,12.07,20,MA10追踪出场,9984.82,7,
SLB,A,2026-01-14,2026-01-15,46.572,2026-01-30,48.048,10,214,True,365.02,3.66,19,MA10追踪出场,9971.43,7,
PEN,A,2026-01-15,2026-01-16,350.34,2026-02-26,341.598,27,28,False,-249.56,-2.54,23,横盘27天出场,9814.42,7,
ONTO,A,2026-01-15,2026-01-16,221.151,2026-01-23,209.883,4,45,False,-511.77,-5.14,22,硬止损-5%,9956.77,7,
HLF,A,2026-01-15,2026-01-16,16.537,2026-02-13,15.694,19,604,False,-513.63,-5.14,21,硬止损-5%,9993.05,7,
BKD,A,2026-01-16,2026-01-20,12.172,2026-02-19,14.935,21,821,True,1909.79,19.1,23,MA10追踪出场,9998.34,7,
EC,A,2026-01-16,2026-01-20,12.142,2026-02-26,11.988,26,823,False,-131.78,-1.32,21,横盘26天出场,9997.97,7,
ARR,A,2026-01-16,2026-01-20,18.064,2026-01-30,17.144,8,553,False,-513.7,-5.14,20,硬止损-5%,9994.31,7,
UMC,A,2026-01-20,2026-01-21,10.861,2026-01-23,10.307,2,920,False,-513.83,-5.14,23,硬止损-5%,9996.98,7,
WPM,A,2026-01-20,2026-01-21,145.816,2026-01-22,138.386,1,68,False,-509.9,-5.14,21,硬止损-5%,9920.42,7,
RGLD,A,2026-01-20,2026-01-21,282.154,2026-01-30,267.779,7,35,False,-507.84,-5.14,21,硬止损-5%,9880.34,7,
BKU,A,2026-01-21,2026-01-22,50.737,2026-01-23,48.152,1,197,False,-514.0,-5.14,23,硬止损-5%,10000.2,7,
FITB,A,2026-01-21,2026-01-22,52.578,2026-01-23,49.899,1,190,False,-513.72,-5.14,22,硬止损-5%,9994.82,7,
CFG,A,2026-01-21,2026-01-22,63.985,2026-02-27,60.725,25,156,False,-513.3,-5.14,21,硬止损-5%,9986.66,7,
MT,A,2026-01-22,2026-01-23,54.288,2026-03-02,64.436,25,184,True,1642.65,16.44,23,MA10追踪出场,9993.93,7,
NTRS,A,2026-01-22,2026-01-23,150.935,2026-02-12,143.245,14,66,False,-512.28,-5.14,22,硬止损-5%,9966.72,7,
ITUB,A,2026-01-22,2026-01-23,8.089,2026-02-04,8.402,8,1236,True,559.99,5.6,22,MA10追踪出场,10002.91,7,
GILD,A,2026-01-23,2026-01-26,135.248,2026-02-19,150.116,17,73,True,1038.22,10.51,22,MA10追踪出场,9878.03,6,
SLB,A,2026-01-23,2026-01-26,49.458,2026-03-03,48.531,25,202,False,-192.08,-1.92,19,横盘25天出场,9995.52,6,
OII,A,2026-01-23,2026-01-26,29.519,2026-02-27,35.465,23,338,True,1737.36,17.4,18,MA10追踪出场,9982.58,6,
AKAM,A,2026-01-26,2026-01-27,102.002,2026-01-30,96.805,3,98,False,-514.05,-5.14,21,硬止损-5%,10001.18,7,
TSN,A,2026-01-26,2026-01-27,63.173,2026-03-04,62.857,25,158,False,-54.89,-0.55,20,横盘25天出场,9986.33,7,
SKM,A,2026-01-26,2026-01-27,26.617,2026-02-23,30.45,18,375,True,1328.04,13.3,20,MA10追踪出场,9986.21,7,
GGB,A,2026-01-27,2026-01-28,4.58,2026-01-30,4.347,2,2183,False,-514.18,-5.14,23,硬止损-5%,10003.79,7,
UMC,A,2026-01-27,2026-01-28,11.471,2026-01-29,10.887,1,871,False,-513.82,-5.14,23,硬止损-5%,9996.64,7,
VIST,A,2026-01-27,2026-01-28,58.188,2026-02-03,55.223,4,171,False,-511.68,-5.14,23,硬止损-5%,9955.15,7,
HMY,A,2026-01-28,2026-01-29,25.646,2026-01-30,24.339,1,389,False,-513.02,-5.14,23,硬止损-5%,9981.13,7,
TXN,A,2026-01-28,2026-01-29,215.212,2026-03-03,204.247,22,46,False,-509.09,-5.14,22,硬止损-5%,9904.69,7,
WPM,A,2026-01-28,2026-01-29,159.618,2026-01-30,151.485,1,62,False,-508.91,-5.14,21,硬止损-5%,9901.25,7,
LUV,A,2026-01-29,2026-01-30,48.38,2026-02-11,51.158,8,206,True,758.33,7.61,22,MA10追踪出场,9971.17,7,
CHRW,A,2026-01-29,2026-01-30,191.457,2026-02-12,181.702,9,52,False,-511.97,-5.14,22,硬止损-5%,9960.74,7,
BHP,A,2026-01-29,2026-01-30,68.727,2026-03-03,76.74,21,145,True,1141.4,11.45,19,MA10追踪出场,9970.34,7,
TEVA,A,2026-01-30,2026-02-02,34.484,2026-03-03,32.727,20,289,False,-512.5,-5.14,20,硬止损-5%,9970.99,7,
CVX,A,2026-01-30,2026-02-02,171.932,2026-03-10,186.104,25,58,True,879.38,8.81,20,MA10追踪出场,9977.02,6,
BEN,A,2026-01-30,2026-02-02,26.164,2026-03-09,24.831,24,382,False,-513.97,-5.14,19,硬止损-5%,9999.7,6,
XPO,A,2026-02-02,2026-02-03,163.924,2026-02-23,200.979,13,61,True,1822.08,18.21,21,MA10追踪出场,10004.35,7,
ODFL,A,2026-02-02,2026-02-03,184.927,2026-02-12,185.111,7,54,True,403.81,4.04,20,成本止损,9991.04,7,
KNX,A,2026-02-02,2026-02-03,58.875,2026-03-09,55.876,23,169,False,-511.67,-5.14,20,硬止损-5%,9954.91,7,
BALL,A,2026-02-03,2026-02-04,62.436,2026-03-12,61.628,25,160,False,-134.16,-1.34,23,横盘25天出场,9994.75,7,
FDX,A,2026-02-03,2026-02-04,355.037,2026-03-03,380.604,18,28,True,750.57,7.55,23,MA10追踪出场,9946.0,7,
CTRA,A,2026-02-03,2026-02-04,29.266,2026-02-23,30.497,12,341,True,522.05,5.23,22,MA10追踪出场,9984.76,7,
AMGN,A,2026-02-04,2026-02-05,363.576,2026-03-13,365.844,25,27,False,56.28,0.57,22,横盘25天出场,9821.47,7,
DE,A,2026-02-04,2026-02-05,562.748,2026-02-25,621.17,13,17,True,860.95,8.99,22,MA10追踪出场,9571.5,7,
IEX,A,2026-02-04,2026-02-05,212.442,2026-03-06,201.618,20,47,False,-513.46,-5.14,22,硬止损-5%,9989.78,7,
HSY,A,2026-02-05,2026-02-06,224.352,2026-03-16,219.89,25,44,False,-201.19,-2.04,23,横盘25天出场,9876.44,7,
TKR,A,2026-02-05,2026-02-06,103.018,2026-03-06,97.769,19,97,False,-513.87,-5.14,23,硬止损-5%,9997.72,7,
GSK,A,2026-02-05,2026-02-06,58.875,2026-03-05,55.876,18,169,False,-511.67,-5.14,22,硬止损-5%,9954.9,7,
ARW,A,2026-02-06,2026-02-09,157.617,2026-03-02,149.587,14,63,False,-510.64,-5.14,23,硬止损-5%,9934.87,7,
UAA,A,2026-02-06,2026-02-09,7.457,2026-02-10,7.077,1,1340,False,-513.88,-5.14,23,硬止损-5%,9997.98,7,
BIIB,A,2026-02-06,2026-02-09,200.03,2026-02-10,189.838,1,49,False,-504.04,-5.14,22,硬止损-5%,9806.36,7,
VTRS,A,2026-02-09,2026-02-10,15.414,2026-03-03,14.628,14,648,False,-513.64,-5.14,23,硬止损-5%,9993.13,7,
STM,A,2026-02-09,2026-02-10,33.149,2026-03-03,31.46,14,301,False,-513.1,-5.14,23,硬止损-5%,9982.75,7,
KMT,A,2026-02-09,2026-02-10,40.551,2026-02-13,38.484,3,246,False,-512.98,-5.14,18,硬止损-5%,9980.41,6,
HAS,A,2026-02-10,2026-02-11,103.182,2026-02-23,97.925,7,96,False,-509.39,-5.14,23,硬止损-5%,9910.46,7,
ON,A,2026-02-10,2026-02-11,69.309,2026-02-27,65.778,11,144,False,-513.24,-5.14,23,硬止损-5%,9985.52,7,
MAS,A,2026-02-10,2026-02-11,76.629,2026-02-25,72.725,9,130,False,-512.28,-5.14,22,硬止损-5%,9966.73,7,
GNRC,A,2026-02-11,2026-02-12,218.959,2026-02-27,225.145,10,45,True,441.2,4.48,23,MA10追踪出场,9858.07,7,
SW,A,2026-02-11,2026-02-12,49.725,2026-02-23,47.192,6,201,False,-513.98,-5.14,23,硬止损-5%,9999.79,7,
DD,A,2026-02-11,2026-02-12,51.754,2026-02-13,49.117,1,193,False,-513.66,-5.14,22,硬止损-5%,9993.56,7,
USFD,A,2026-02-12,2026-02-13,100.781,2026-02-19,95.646,3,99,False,-513.08,-5.14,23,硬止损-5%,9982.28,7,
IFF,A,2026-02-12,2026-02-13,82.098,2026-03-03,77.915,11,121,False,-510.84,-5.14,22,硬止损-5%,9938.78,7,
BUD,A,2026-02-12,2026-02-13,80.2,2026-03-03,76.114,11,124,False,-511.41,-5.14,22,硬止损-5%,9949.79,7,
MGA,A,2026-02-13,2026-02-17,66.202,2026-02-27,62.829,8,151,False,-514.06,-5.14,23,硬止损-5%,10001.48,7,
TPH,A,2026-02-13,2026-02-17,46.366,2026-03-24,46.653,25,215,False,56.69,0.57,23,横盘25天出场,9973.74,7,
SKM,A,2026-02-13,2026-02-17,33.674,2026-02-18,31.958,1,296,False,-512.57,-5.14,21,硬止损-5%,9972.38,7,
SON,A,2026-02-17,2026-02-18,56.359,2026-03-05,53.487,11,177,False,-512.98,-5.14,23,硬止损-5%,9980.46,7,
DHT,A,2026-02-17,2026-02-18,16.198,2026-03-05,18.521,11,617,True,1352.82,13.53,18,MA10追踪出场,9999.41,6,
ADI,A,2026-02-18,2026-02-19,344.237,2026-03-05,326.698,10,29,False,-513.36,-5.14,21,硬止损-5%,9987.87,7,
LPG,A,2026-02-18,2026-02-19,35.355,2026-03-09,33.554,12,282,False,-512.71,-5.14,21,硬止损-5%,9975.19,7,
OVV,A,2026-02-18,2026-02-19,49.269,2026-04-01,57.363,29,202,True,1451.12,14.57,20,MA10追踪出场,9957.3,7,
OII,A,2026-02-19,2026-02-20,35.305,2026-02-27,35.341,5,283,True,328.23,3.28,23,成本止损,9996.39,7,
DE,A,2026-02-19,2026-02-20,662.975,2026-02-25,629.197,3,15,False,-511.4,-5.14,22,硬止损-5%,9949.6,7,
TS,A,2026-02-19,2026-02-20,53.203,2026-04-17,58.551,39,187,True,977.31,9.82,22,持仓40天强制出场,9953.96,7,
ST,A,2026-02-20,2026-02-23,38.068,2026-03-02,36.128,5,262,False,-512.9,-5.14,22,硬止损-5%,9978.81,7,
FSM,A,2026-02-20,2026-02-23,12.432,2026-03-03,12.445,6,804,True,305.41,3.05,21,成本止损,10000.66,7,
JBL,A,2026-02-20,2026-02-23,267.858,2026-03-03,254.21,6,37,False,-509.65,-5.14,20,硬止损-5%,9915.69,7,
TDW,A,2026-02-23,2026-02-24,77.788,2026-03-06,77.865,8,128,True,396.42,3.98,22,成本止损,9961.81,7,
KEYS,A,2026-02-24,2026-02-25,301.781,2026-03-05,286.406,6,33,False,-512.13,-5.14,23,硬止损-5%,9963.77,7,
DHT,A,2026-02-24,2026-02-25,18.649,2026-03-03,18.667,4,536,True,176.32,1.76,23,成本止损,10000.66,7,
HLX,A,2026-02-24,2026-02-25,10.561,2026-02-26,10.022,1,946,False,-513.75,-5.14,23,硬止损-5%,9995.28,7,
Q,A,2026-02-25,2026-02-26,139.99,2026-02-27,132.858,1,71,False,-511.12,-5.14,19,硬止损-5%,9944.27,6,
SUZ,A,2026-02-25,2026-02-26,11.532,2026-03-03,10.944,3,867,False,-514.13,-5.14,19,硬止损-5%,10002.83,6,
NAT,A,2026-02-26,2026-02-27,5.339,2026-03-03,5.345,2,1872,True,272.95,2.73,23,成本止损,10000.09,7,
INSW,A,2026-02-26,2026-02-27,71.256,2026-03-11,67.625,8,140,False,-513.0,-5.14,20,硬止损-5%,9980.77,7,
ALSN,A,2026-02-26,2026-02-27,123.816,2026-03-06,117.508,5,80,False,-509.38,-5.14,19,硬止损-5%,9910.25,7,
UTI,A,2026-02-27,2026-03-02,36.236,2026-03-05,34.39,3,275,False,-512.44,-5.14,21,硬止损-5%,9969.94,7,
NEM,A,2026-02-27,2026-03-02,131.436,2026-03-03,124.739,1,76,False,-513.68,-5.14,17,硬止损-5%,9994.1,7,
AES,A,2026-02-27,2026-03-02,14.364,2026-04-07,14.416,25,696,False,30.63,0.31,21,横盘25天出场,10002.59,6,
COP,A,2026-03-02,2026-03-03,120.971,2026-03-04,114.807,1,82,False,-510.11,-5.14,23,硬止损-5%,9924.57,7,
LHX,A,2026-03-02,2026-03-03,371.877,2026-03-20,352.93,13,26,False,-497.21,-5.14,23,硬止损-5%,9673.65,7,
EQNR,A,2026-03-02,2026-03-03,31.772,2026-04-01,40.35,21,314,True,2153.36,21.57,23,MA10追踪出场,9981.31,7,
TDW,A,2026-03-03,2026-03-04,87.638,2026-03-05,83.172,1,114,False,-513.77,-5.14,23,硬止损-5%,9995.68,7,
CF,A,2026-03-03,2026-03-04,106.106,2026-03-23,120.06,13,94,True,1169.82,11.72,20,MA10追踪出场,9978.95,7,
TGT,A,2026-03-03,2026-03-04,124.084,2026-03-06,117.762,2,80,False,-510.48,-5.14,22,硬止损-5%,9931.68,6,
MRNA,A,2026-03-04,2026-03-05,57.012,2026-03-06,54.107,1,175,False,-513.07,-5.14,23,硬止损-5%,9982.08,7,
ROST,A,2026-03-04,2026-03-05,211.253,2026-04-17,227.592,30,47,False,762.61,7.68,22,持仓40天强制出场,9933.83,7,
KMT,A,2026-03-04,2026-03-05,41.231,2026-03-06,39.13,1,242,False,-513.11,-5.14,19,硬止损-5%,9982.94,6,
LYB,A,2026-03-05,2026-03-06,67.297,2026-03-23,71.399,11,148,True,741.64,7.44,22,MA10追踪出场,9964.97,6,
VLO,A,2026-03-05,2026-03-06,227.197,2026-03-09,215.621,1,44,False,-514.07,-5.14,20,硬止损-5%,10001.67,6,
PAA,A,2026-03-05,2026-03-06,22.072,2026-03-11,20.947,3,453,False,-514.18,-5.14,19,硬止损-5%,10003.64,6,
PBR,A,2026-03-06,2026-03-09,18.038,2026-03-20,18.781,9,554,True,536.96,5.37,21,MA10追踪出场,9998.06,7,
VIST,A,2026-03-06,2026-03-09,63.463,2026-03-10,60.23,1,157,False,-512.38,-5.14,20,硬止损-5%,9968.74,7,
CNQ,A,2026-03-06,2026-03-09,46.336,2026-04-01,46.382,17,215,True,213.49,2.14,19,成本止损,9967.19,7,
OVV,A,2026-03-09,2026-03-10,52.664,2026-04-01,57.363,16,189,True,854.36,8.58,19,MA10追踪出场,9958.42,6,
EC,A,2026-03-09,2026-03-10,12.763,2026-04-01,14.476,16,783,True,1194.7,11.95,16,MA10追踪出场,9998.23,6,
CF,A,2026-03-11,2026-03-12,128.148,2026-03-16,121.619,2,78,False,-514.02,-5.14,21,硬止损-5%,10000.54,7,
NTR,A,2026-03-11,2026-03-12,81.621,2026-03-16,77.463,2,122,False,-512.08,-5.14,21,硬止损-5%,9962.8,7,
ADM,A,2026-03-11,2026-03-12,71.571,2026-03-20,67.925,6,139,False,-511.59,-5.14,17,硬止损-5%,9953.41,7,
OXY,A,2026-03-12,2026-03-13,57.758,2026-04-01,62.168,13,173,True,878.79,8.79,23,MA10追踪出场,9997.08,7,
DOW,A,2026-03-12,2026-03-13,37.738,2026-03-23,35.815,6,264,False,-512.33,-5.14,21,硬止损-5%,9967.73,7,
LYB,A,2026-03-12,2026-03-13,72.943,2026-04-01,76.633,13,137,True,668.39,6.69,21,MA10追踪出场,9998.17,7,
MUR,A,2026-03-13,2026-03-16,36.096,2026-04-01,39.51,12,277,True,978.9,9.79,22,MA10追踪出场,10003.61,6,
VIST,A,2026-03-13,2026-03-16,64.524,2026-04-01,69.051,12,154,True,858.6,8.64,21,MA10追踪出场,9941.74,6,
BP,A,2026-03-17,2026-03-18,44.394,2026-04-17,44.545,21,225,False,28.98,0.29,19,持仓40天强制出场,9993.72,7,
TS,A,2026-03-17,2026-03-18,55.726,2026-04-17,58.551,21,179,False,500.56,5.02,20,持仓40天强制出场,9979.88,6,
LNG,A,2026-03-18,2026-03-19,273.894,2026-04-08,259.939,13,36,False,-507.05,-5.14,21,硬止损-5%,9865.1,7,
RES,A,2026-03-18,2026-03-19,7.047,2026-03-23,6.688,2,1419,False,-514.23,-5.14,18,硬止损-5%,10004.75,7,
CVE,A,2026-03-19,2026-03-20,24.855,2026-04-08,24.88,12,402,True,227.81,2.28,23,成本止损,9996.64,7,
FLNG,A,2026-03-19,2026-03-20,31.582,2026-03-23,29.972,1,316,False,-513.2,-5.14,23,硬止损-5%,9984.76,7,
TALO,A,2026-03-20,2026-03-23,14.865,2026-04-01,14.88,7,672,True,375.23,3.75,23,成本止损,9994.17,7,
SM,A,2026-03-20,2026-03-23,28.829,2026-04-01,28.858,7,346,True,402.2,4.03,21,成本止损,9979.75,7,
DELL,A,2026-03-24,2026-03-25,177.938,2026-03-30,168.872,3,56,False,-512.42,-5.14,21,硬止损-5%,9969.5,7,
AKAM,A,2026-03-25,2026-03-26,118.508,2026-03-27,112.47,1,84,False,-511.92,-5.14,21,硬止损-5%,9959.68,7,
ATEN,A,2026-03-25,2026-03-26,23.083,2026-04-17,27.522,15,433,True,1553.96,15.54,21,持仓40天强制出场,9999.96,7,
UNFI,A,2026-03-26,2026-03-27,45.215,2026-04-17,48.851,14,221,False,798.14,7.98,20,持仓40天强制出场,9997.55,6,
YPF,A,2026-03-26,2026-03-27,44.014,2026-04-01,44.058,3,227,True,163.58,1.64,18,成本止损,9996.17,6,
WLK,A,2026-03-30,2026-03-31,116.867,2026-04-17,110.912,12,85,False,-510.83,-5.14,19,硬止损-5%,9938.64,6,
NOK,A,2026-04-02,2026-04-06,9.159,2026-04-07,8.692,1,1091,False,-513.87,-5.14,20,硬止损-5%,9997.63,7,
CNK,A,2026-04-06,2026-04-07,30.03,2026-04-17,29.98,8,333,False,-21.64,-0.22,20,持仓40天强制出场,10004.99,6,
SNX,A,2026-04-07,2026-04-08,202.317,2026-04-17,214.106,7,49,False,572.4,5.77,19,持仓40天强制出场,9918.49,6,
ESI,A,2026-04-08,2026-04-09,36.687,2026-04-17,38.981,6,272,False,618.76,6.2,21,持仓40天强制出场,9983.76,7,
BWXT,A,2026-04-08,2026-04-09,231.631,2026-04-17,235.544,6,43,False,163.19,1.64,20,持仓40天强制出场,9965.13,7,
PVH,A,2026-04-08,2026-04-09,87.467,2026-04-17,94.076,6,114,False,748.0,7.5,20,持仓40天强制出场,9976.27,7,
NOK,A,2026-04-13,2026-04-14,10.35,2026-04-17,10.3,3,966,False,-53.9,-0.54,23,持仓40天强制出场,10003.43,7,
SKM,A,2026-04-13,2026-04-14,36.456,2026-04-17,37.802,3,274,False,363.55,3.64,18,持仓40天强制出场,9994.05,6,
AVNS,A,2026-04-14,2026-04-15,24.675,2026-04-17,24.595,2,405,False,-37.08,-0.37,23,持仓40天强制出场,9998.23,7,
ATEN,A,2026-04-16,2026-04-17,27.618,2026-04-17,27.522,0,362,False,-39.42,-0.39,23,持仓40天强制出场,10002.57,7,
VSH,A,2026-04-16,2026-04-17,27.027,2026-04-17,25.894,0,370,False,-423.97,-4.24,23,持仓40天强制出场,10004.99,7,
TFX,A,2026-04-16,2026-04-17,132.723,2026-04-17,131.448,0,75,False,-100.49,-1.01,22,持仓40天强制出场,9959.17,6,
SU,C,2025-09-05,2025-09-08,39.832,2025-10-01,40.902,17,251,False,263.53,2.63,107,横盘17天出场,10002.76,7,ACCUMULATING
IDT,C,2025-09-05,2025-09-08,64.733,2025-09-29,63.798,15,154,False,-149.0,-1.49,117,横盘15天出场,9973.92,6,ACCUMULATING
KFY,C,2025-09-05,2025-09-08,71.523,2025-10-06,70.158,20,139,False,-194.64,-1.96,102,横盘20天出场,9946.63,6,ACCUMULATING
HUYA,C,2025-09-08,2025-09-09,3.493,2025-10-01,3.246,16,2862,False,-713.83,-7.14,123,硬止损-7%,10003.37,7,ACCUMULATING
VAC,C,2025-09-08,2025-09-09,75.592,2025-09-25,70.23,12,132,False,-712.38,-7.14,105,硬止损-7%,9983.08,6,ACCUMULATING
PRK,C,2025-09-08,2025-09-09,168.134,2025-10-08,156.208,21,59,False,-708.23,-7.14,87,硬止损-7%,9924.87,6,ACCUMULATING
NVST,C,2025-09-09,2025-09-10,20.921,2025-10-01,20.34,15,477,False,-282.11,-2.83,106,横盘15天出场,9984.26,6,ACCUMULATING
FNF,C,2025-09-09,2025-09-10,56.212,2025-10-01,56.958,15,177,False,127.0,1.28,102,横盘15天出场,9954.51,6,ACCUMULATING
APG,C,2025-09-10,2025-09-11,35.385,2025-10-02,34.406,15,282,False,-281.15,-2.82,117,横盘15天出场,9983.66,7,ACCUMULATING
DDD,C,2025-09-10,2025-09-11,2.142,2025-10-10,2.887,21,4668,True,2782.79,27.82,101,MA10追踪出场,10004.51,6,ACCUMULATING
JKS,C,2025-09-11,2025-09-12,24.264,2025-09-18,24.288,4,412,True,279.55,2.79,125,成本止损,10001.87,7,ACCUMULATING
FUL,C,2025-09-12,2025-09-15,61.578,2025-09-25,57.21,8,162,False,-712.2,-7.14,104,硬止损-7%,9980.61,6,ACCUMULATING
SQM,C,2025-09-15,2025-09-16,43.644,2025-10-07,43.347,15,229,False,-72.97,-0.73,109,横盘15天出场,9999.38,6,ACCUMULATING
AES,C,2025-09-15,2025-09-16,12.709,2025-10-10,13.717,18,786,True,993.06,9.94,102,MA10追踪出场,9994.3,6,ACCUMULATING
HOV,C,2025-09-17,2025-09-18,149.039,2025-09-22,138.468,2,67,False,-712.92,-7.14,115,硬止损-7%,9990.6,7,ACCUMULATING
FVRR,C,2025-09-17,2025-09-18,24.595,2025-09-25,24.619,5,406,True,278.1,2.78,108,成本止损,9990.39,6,ACCUMULATING
SNN,C,2025-09-17,2025-09-18,36.232,2025-10-09,35.151,15,275,False,-302.14,-3.03,99,横盘15天出场,9968.9,6,ACCUMULATING
AAP,C,2025-09-18,2025-09-19,59.136,2025-10-08,54.942,13,169,False,-713.52,-7.14,125,硬止损-7%,9999.06,7,ACCUMULATING
TLK,C,2025-09-18,2025-09-19,19.6,2025-10-06,18.209,11,510,False,-713.64,-7.14,110,硬止损-7%,10000.78,6,ACCUMULATING
XYZ,C,2025-09-19,2025-09-22,76.576,2025-10-13,74.945,15,130,False,-216.97,-2.18,109,横盘15天出场,9959.92,6,ACCUMULATING
STWD,C,2025-09-19,2025-09-22,18.683,2025-10-16,17.358,18,535,False,-713.62,-7.14,108,硬止损-7%,10000.41,6,ACCUMULATING
FSS,C,2025-09-19,2025-09-22,124.641,2025-10-01,115.8,7,80,False,-711.89,-7.14,105,硬止损-7%,9976.24,6,ACCUMULATING
SPXC,C,2025-09-22,2025-09-23,189.92,2025-10-14,185.095,15,52,False,-255.71,-2.59,107,横盘15天出场,9880.76,6,ACCUMULATING
NVS,C,2025-09-22,2025-09-23,119.477,2025-10-28,119.664,25,83,False,10.63,0.11,102,横盘25天出场,9921.51,6,ACCUMULATING
XHR,C,2025-09-22,2025-09-23,14.067,2025-10-06,13.069,9,710,False,-713.06,-7.14,97,硬止损-7%,9992.62,6,ACCUMULATING
ACB,C,2025-09-23,2025-09-24,5.025,2025-10-10,5.295,12,1990,True,823.06,8.23,113,MA10追踪出场,10004.79,6,ACCUMULATING
NVST,C,2025-09-23,2025-09-24,20.801,2025-10-10,19.325,12,480,False,-712.83,-7.14,101,硬止损-7%,9989.37,6,ACCUMULATING
FLS,C,2025-09-23,2025-09-24,56.129,2025-10-01,52.147,5,178,False,-713.29,-7.14,97,硬止损-7%,9995.87,6,ACCUMULATING
MP,C,2025-09-24,2025-09-25,70.57,2025-10-01,65.565,4,141,False,-710.41,-7.14,109,硬止损-7%,9955.42,7,ACCUMULATING
FNF,C,2025-09-25,2025-09-26,56.296,2025-10-09,52.303,9,177,False,-711.41,-7.14,101,硬止损-7%,9969.46,6,ACCUMULATING
AWI,C,2025-10-03,2025-10-06,197.981,2025-10-27,201.676,15,50,False,179.7,1.81,113,横盘15天出场,9904.0,6,ACCUMULATING
FVRR,C,2025-10-06,2025-10-07,24.304,2025-10-10,22.58,3,411,False,-713.16,-7.14,124,硬止损-7%,9994.05,7,ACCUMULATING
LYG,C,2025-10-07,2025-10-08,4.514,2025-10-29,4.563,15,2215,False,104.56,1.05,99,横盘15天出场,10003.42,6,ACCUMULATING
AIR,C,2025-10-09,2025-10-10,81.081,2025-11-06,82.168,19,123,False,128.62,1.29,117,横盘19天出场,9977.95,7,ACCUMULATING
EDU,C,2025-10-10,2025-10-13,51.291,2025-10-28,58.501,11,194,True,1384.8,13.91,109,MA10追踪出场,9955.48,6,ACCUMULATING
UNM,C,2025-10-15,2025-10-16,74.638,2025-11-06,76.241,15,133,False,208.11,2.1,108,横盘15天出场,9931.8,6,ACCUMULATING
KSS,C,2025-10-15,2025-10-16,14.955,2025-10-29,15.673,9,668,True,570.36,5.71,101,MA10追踪出场,9995.14,6,ACCUMULATING
KODK,C,2025-10-16,2025-10-17,6.527,2025-11-04,6.064,12,1532,False,-713.85,-7.14,110,硬止损-7%,10003.63,6,ACCUMULATING
BAP,C,2025-10-29,2025-10-30,262.462,2025-11-14,243.846,11,38,False,-712.06,-7.14,114,硬止损-7%,9978.55,7,ACCUMULATING
FMX,C,2025-10-30,2025-10-31,94.444,2025-11-21,94.735,15,105,False,25.56,0.26,123,横盘15天出场,9921.61,7,ACCUMULATING
JHX,C,2025-10-30,2025-10-31,20.911,2025-11-05,19.428,3,478,False,-713.62,-7.14,114,硬止损-7%,10000.4,6,ACCUMULATING
SATS,C,2025-11-03,2025-11-04,73.393,2025-11-07,68.188,3,136,False,-712.62,-7.14,112,硬止损-7%,9986.48,7,ACCUMULATING
ARCO,C,2025-11-03,2025-11-04,6.888,2025-11-25,7.081,15,1451,False,274.14,2.74,104,横盘15天出场,9999.97,6,ACCUMULATING
MSGE,C,2025-11-05,2025-11-06,44.264,2025-11-14,45.954,6,225,True,622.91,6.25,110,MA10追踪出场,9964.43,7,ACCUMULATING
APP,C,2025-11-07,2025-11-10,636.586,2025-11-11,591.433,1,15,False,-681.73,-7.14,102,硬止损-7%,9553.56,6,ACCUMULATING
AEO,C,2025-11-11,2025-11-12,17.598,2025-12-24,26.325,29,568,True,3644.89,36.45,122,MA10追踪出场,10000.75,7,ACCUMULATING
SA,C,2025-11-17,2025-11-18,23.934,2025-12-15,28.511,18,417,True,1658.62,16.61,103,MA10追踪出场,9985.43,6,ACCUMULATING
QSR,C,2025-11-18,2025-11-19,66.435,2025-12-23,68.189,23,150,False,258.01,2.59,97,横盘23天出场,9970.21,6,ACCUMULATING
KOF,C,2025-11-24,2025-11-25,87.427,2026-01-26,105.684,40,114,True,1797.14,18.02,106,持仓40天强制出场,9971.7,7,ACCUMULATING
TV,C,2025-11-24,2025-11-25,2.773,2025-12-19,2.917,17,3606,True,719.16,7.19,103,MA10追踪出场,10003.61,6,ACCUMULATING
VIST,C,2025-11-25,2025-11-26,48.448,2025-12-11,49.87,10,206,True,414.7,4.15,114,MA10追踪出场,9985.36,7,ACCUMULATING
SUPV,C,2025-11-25,2025-11-26,10.03,2025-12-08,10.579,7,997,True,757.94,7.58,101,MA10追踪出场,10004.93,6,ACCUMULATING
KVUE,C,2025-12-03,2025-12-04,16.774,2025-12-26,16.978,15,596,False,116.24,1.16,114,横盘15天出场,10002.49,6,ACCUMULATING
QTWO,C,2025-12-05,2025-12-08,73.854,2025-12-30,73.367,15,135,False,-70.73,-0.71,103,横盘15天出场,9975.25,6,ACCUMULATING
JKS,C,2025-12-09,2025-12-10,25.315,2025-12-29,26.823,12,395,True,630.86,6.31,110,MA10追踪出场,10004.54,6,ACCUMULATING
PLG,C,2025-12-10,2025-12-11,2.492,2025-12-18,2.495,5,4012,True,141.85,1.42,110,成本止损,10004.87,6,ACCUMULATING
RIG,C,2025-12-15,2025-12-16,4.004,2026-02-13,6.533,40,2497,True,4674.79,46.73,105,持仓40天强制出场,10002.99,6,ACCUMULATING
JKS,C,2025-12-23,2025-12-24,27.117,2026-01-20,27.144,16,368,True,347.11,3.48,101,成本止损,9984.08,6,ACCUMULATING
PUMP,C,2026-01-05,2026-01-06,9.9,2026-01-08,9.198,2,1010,False,-713.87,-7.14,114,硬止损-7%,10003.89,7,ACCUMULATING
RHP,C,2026-01-05,2026-01-06,92.441,2026-01-28,92.157,15,108,False,-35.57,-0.36,111,横盘15天出场,9988.58,7,ACCUMULATING
INTC,C,2026-01-05,2026-01-06,39.9,2026-01-23,45.025,12,250,True,1315.42,13.18,116,MA10追踪出场,9979.95,6,ACCUMULATING
PAGS,C,2026-01-06,2026-01-07,9.81,2026-02-03,11.329,18,1019,True,1403.16,14.03,118,MA10追踪出场,10001.18,7,ACCUMULATING
BTE,C,2026-01-06,2026-01-07,3.091,2026-01-23,3.303,11,3235,True,811.49,8.11,117,MA10追踪出场,10003.57,7,ACCUMULATING
SUPV,C,2026-01-06,2026-01-07,11.782,2026-01-14,10.946,5,848,False,-713.3,-7.14,116,硬止损-7%,9995.94,7,ACCUMULATING
NOK,C,2026-01-07,2026-01-08,6.607,2026-01-29,6.138,14,1513,False,-713.64,-7.14,113,硬止损-7%,10000.78,7,ACCUMULATING
GDOT,C,2026-01-07,2026-01-08,12.773,2026-02-03,11.867,17,782,False,-713.11,-7.14,112,硬止损-7%,9993.29,7,ACCUMULATING
TREX,C,2026-01-07,2026-01-08,36.667,2026-01-23,42.507,10,272,True,1502.04,15.05,115,MA10追踪出场,9978.31,6,ACCUMULATING
WWW,C,2026-01-08,2026-01-09,19.082,2026-01-23,17.728,9,524,False,-713.85,-7.14,121,硬止损-7%,10003.73,7,ACCUMULATING
BX,C,2026-01-08,2026-01-09,154.214,2026-01-29,143.275,13,64,False,-704.64,-7.14,118,硬止损-7%,9874.6,7,ACCUMULATING
ICE,C,2026-01-08,2026-01-09,162.179,2026-02-03,162.382,16,61,False,7.48,0.08,105,横盘16天出场,9897.84,7,ACCUMULATING
DXCM,C,2026-01-09,2026-01-12,66.807,2026-02-02,72.457,14,149,True,904.57,9.08,126,MA10追踪出场,9959.18,7,ACCUMULATING
QCOM,C,2026-01-09,2026-01-12,174.933,2026-01-14,162.525,2,57,False,-711.89,-7.14,123,硬止损-7%,9976.15,7,ACCUMULATING
SHOP,C,2026-01-09,2026-01-12,162.694,2026-01-20,151.154,5,61,False,-708.54,-7.14,114,硬止损-7%,9929.27,7,ACCUMULATING
CLF,C,2026-01-12,2026-01-13,13.173,2026-01-26,14.006,8,759,True,707.63,7.07,120,MA10追踪出场,10003.43,7,ACCUMULATING
LITE,C,2026-01-12,2026-01-13,337.272,2026-01-23,337.609,7,29,True,153.53,1.57,114,成本止损,9785.78,7,ACCUMULATING
TRU,C,2026-01-12,2026-01-13,84.962,2026-01-29,78.935,11,117,False,-709.7,-7.14,113,硬止损-7%,9945.49,7,ACCUMULATING
EFX,C,2026-01-13,2026-01-14,217.051,2026-01-29,201.656,10,46,False,-712.83,-7.14,112,硬止损-7%,9989.34,7,ACCUMULATING
LAZ,C,2026-01-13,2026-01-14,50.919,2026-02-12,50.97,20,196,True,393.02,3.94,105,成本止损,9985.13,6,ACCUMULATING
BKU,C,2026-01-13,2026-01-14,44.027,2026-01-28,46.568,9,227,True,825.13,8.25,100,MA10追踪出场,9999.15,6,ACCUMULATING
MAA,C,2026-01-14,2026-01-15,133.133,2026-02-06,130.399,15,75,False,-209.88,-2.1,121,横盘15天出场,9989.94,7,ACCUMULATING
COHR,C,2026-01-14,2026-01-15,192.522,2026-02-04,210.789,13,51,True,977.15,9.95,118,MA10追踪出场,9823.55,7,ACCUMULATING
KDP,C,2026-01-14,2026-01-15,27.882,2026-02-06,28.133,15,358,False,84.92,0.85,115,横盘15天出场,9986.69,7,ACCUMULATING
ALK,C,2026-01-15,2026-01-16,49.459,2026-02-12,55.634,18,202,True,1204.92,12.05,124,MA10追踪出场,9995.8,7,ACCUMULATING
CI,C,2026-01-15,2026-01-16,275.081,2026-02-20,278.495,23,36,False,117.91,1.19,113,横盘23天出场,9907.87,7,ACCUMULATING
NCLH,C,2026-01-15,2026-01-16,22.923,2026-01-20,21.297,1,436,False,-713.54,-7.14,111,硬止损-7%,9999.38,6,ACCUMULATING
EXPE,C,2026-01-16,2026-01-20,276.417,2026-02-03,256.811,10,36,False,-710.45,-7.14,115,硬止损-7%,9955.99,7,ACCUMULATING
VTR,C,2026-01-16,2026-01-20,77.72,2026-03-06,84.245,32,128,True,883.58,8.88,109,MA21追踪出场,9953.11,7,ACCUMULATING
EDU,C,2026-01-16,2026-01-20,54.955,2026-02-09,60.0,14,181,True,841.22,8.45,109,MA10追踪出场,9951.81,7,ACCUMULATING
REZI,C,2026-01-20,2026-01-21,36.266,2026-01-27,33.694,4,275,False,-712.03,-7.14,126,硬止损-7%,9978.2,7,ACCUMULATING
CWK,C,2026-01-20,2026-01-21,16.867,2026-02-03,15.67,9,592,False,-712.89,-7.14,120,硬止损-7%,9990.17,7,ACCUMULATING
W,C,2026-01-20,2026-01-21,108.208,2026-02-02,100.533,8,92,False,-710.74,-7.14,125,硬止损-7%,9960.12,6,ACCUMULATING
OHI,C,2026-01-21,2026-01-22,43.925,2026-03-20,44.745,40,227,False,181.15,1.82,109,横盘40天出场,9975.92,7,ACCUMULATING
CVNA,C,2026-01-21,2026-01-22,458.989,2026-01-28,426.432,4,21,False,-688.15,-7.14,108,硬止损-7%,9643.58,7,ACCUMULATING
TKO,C,2026-01-21,2026-01-22,204.991,2026-02-12,198.989,15,48,False,-292.84,-2.97,106,横盘15天出场,9844.47,6,ACCUMULATING
BTE,C,2026-01-22,2026-01-23,3.29,2026-03-23,4.096,40,3039,True,2097.19,20.96,116,持仓40天强制出场,10003.77,7,ACCUMULATING
CAH,C,2026-01-22,2026-01-23,206.746,2026-03-04,222.418,27,48,True,853.69,8.6,106,MA10追踪出场,9928.76,7,ACCUMULATING
CTAS,C,2026-01-22,2026-01-23,192.82,2026-02-13,193.247,15,51,False,16.85,0.17,110,横盘15天出场,9838.72,6,ACCUMULATING
LLY,C,2026-01-23,2026-01-26,1061.501,2026-02-17,1035.014,15,9,False,-243.04,-2.54,119,横盘15天出场,9558.28,7,ACCUMULATING
EVR,C,2026-01-23,2026-01-26,369.159,2026-02-03,342.974,6,27,False,-711.61,-7.14,112,硬止损-7%,9972.27,7,ACCUMULATING
IQV,C,2026-01-23,2026-01-26,234.995,2026-02-03,218.327,6,42,False,-704.65,-7.14,115,硬止损-7%,9874.71,6,ACCUMULATING
AMZN,C,2026-01-26,2026-01-27,239.93,2026-02-05,222.911,7,41,False,-702.32,-7.14,114,硬止损-7%,9842.04,7,ACCUMULATING
NWE,C,2026-01-26,2026-01-27,65.893,2026-02-18,67.71,15,151,False,269.22,2.7,113,横盘15天出场,9954.88,7,ACCUMULATING
RHP,C,2026-01-26,2026-01-27,94.643,2026-02-27,97.353,22,105,False,279.37,2.81,109,横盘22天出场,9942.53,7,ACCUMULATING
AER,C,2026-01-27,2026-01-28,143.716,2026-02-23,147.195,17,69,False,234.97,2.37,116,横盘17天出场,9921.34,7,ACCUMULATING
JBHT,C,2026-01-27,2026-01-28,202.777,2026-02-12,218.501,11,49,True,909.62,9.15,113,MA10追踪出场,9941.04,7,ACCUMULATING
MS,C,2026-01-27,2026-01-28,181.621,2026-02-12,168.739,11,55,False,-713.17,-7.14,107,硬止损-7%,9994.16,7,ACCUMULATING
BV,C,2026-01-28,2026-01-29,13.143,2026-03-03,13.477,22,760,False,248.25,2.48,106,横盘22天出场,9993.77,6,ACCUMULATING
GTES,C,2026-01-28,2026-01-29,23.263,2026-02-25,27.482,18,429,True,1540.01,15.42,106,MA10追踪出场,9984.92,6,ACCUMULATING
NWS,C,2026-01-28,2026-01-29,30.678,2026-02-04,28.502,4,325,False,-711.82,-7.14,105,硬止损-7%,9975.22,6,ACCUMULATING
BIIB,C,2026-01-29,2026-01-30,177.267,2026-02-19,191.888,13,56,True,976.95,9.84,122,MA10追踪出场,9931.92,7,ACCUMULATING
MOH,C,2026-01-29,2026-01-30,183.563,2026-02-06,170.543,5,54,False,-707.69,-7.14,121,硬止损-7%,9917.38,7,ACCUMULATING
HCA,C,2026-01-29,2026-01-30,480.946,2026-02-24,525.212,16,20,True,932.12,9.69,109,MA10追踪出场,9623.73,7,ACCUMULATING
ARMK,C,2026-01-30,2026-02-02,38.431,2026-03-19,39.121,32,260,False,174.35,1.74,103,横盘32天出场,9996.98,7,ACCUMULATING
TRNO,C,2026-01-30,2026-02-02,61.242,2026-03-06,61.971,23,163,False,113.87,1.14,100,横盘23天出场,9987.41,7,ACCUMULATING
IBP,C,2026-01-30,2026-02-02,286.981,2026-02-18,324.906,11,34,True,1231.86,12.62,116,MA10追踪出场,9762.22,6,ACCUMULATING
BKH,C,2026-02-02,2026-02-03,72.012,2026-02-25,73.347,15,138,False,179.05,1.8,104,横盘15天出场,9942.68,7,ACCUMULATING
BWXT,C,2026-02-02,2026-02-03,209.92,2026-02-04,195.031,1,47,False,-704.4,-7.14,117,硬止损-7%,9871.19,6,ACCUMULATING
WWW,C,2026-02-02,2026-02-03,18.117,2026-02-25,17.912,15,551,False,-117.88,-1.18,111,横盘15天出场,9987.19,6,ACCUMULATING
LAZ,C,2026-02-03,2026-02-04,52.03,2026-02-12,52.082,6,192,True,313.98,3.14,112,成本止损,9994.82,7,ACCUMULATING
REZI,C,2026-02-03,2026-02-04,35.776,2026-03-03,35.811,18,279,True,470.45,4.71,122,成本止损,9986.42,6,ACCUMULATING
URG,C,2026-02-03,2026-02-04,1.812,2026-02-05,1.683,1,5519,False,-713.9,-7.14,105,硬止损-7%,10004.38,6,ACCUMULATING
META,C,2026-02-04,2026-02-05,663.675,2026-02-27,646.978,15,15,False,-255.32,-2.56,101,横盘15天出场,9960.11,7,ACCUMULATING
GRMN,C,2026-02-04,2026-02-05,204.661,2026-03-05,239.014,19,48,True,1556.16,15.83,108,MA10追踪出场,9828.63,6,ACCUMULATING
LII,C,2026-02-05,2026-02-06,523.956,2026-03-05,526.645,18,19,False,46.08,0.46,104,横盘18天出场,9960.15,6,ACCUMULATING
PSN,C,2026-02-06,2026-02-09,69.64,2026-02-11,64.7,2,143,False,-710.98,-7.14,97,硬止损-7%,9963.44,6,ACCUMULATING
NWE,C,2026-02-09,2026-02-10,66.795,2026-03-09,68.541,18,149,False,255.01,2.56,107,横盘18天出场,9957.47,7,ACCUMULATING
WBD,C,2026-02-11,2026-02-12,28.158,2026-03-06,27.922,15,355,False,-88.76,-0.89,106,横盘15天出场,10001.13,6,ACCUMULATING
CRH,C,2026-02-13,2026-02-17,122.182,2026-03-03,113.516,10,81,False,-706.57,-7.14,91,硬止损-7%,9901.7,6,ACCUMULATING
RGR,C,2026-02-27,2026-03-02,37.269,2026-03-30,39.98,20,268,True,948.28,9.49,100,MA10追踪出场,9993.17,6,ACCUMULATING
WBD,C,2026-03-02,2026-03-03,28.328,2026-04-01,27.463,21,353,False,-310.47,-3.1,113,横盘21天出场,10004.89,6,ACCUMULATING
SATS,C,2026-03-03,2026-03-04,118.478,2026-03-05,110.075,1,84,False,-710.53,-7.14,115,硬止损-7%,9957.16,6,ACCUMULATING
OXM,C,2026-03-05,2026-03-06,38.049,2026-03-09,35.35,1,262,False,-711.71,-7.14,120,硬止损-7%,9973.72,7,ACCUMULATING
BDN,C,2026-03-05,2026-03-06,2.99,2026-03-19,2.778,9,3344,False,-713.84,-7.14,105,硬止损-7%,10003.58,6,ACCUMULATING
KW,C,2026-03-17,2026-03-18,10.772,2026-04-09,10.849,15,928,False,66.69,0.67,105,横盘15天出场,10001.28,6,ACCUMULATING
BIIB,C,2026-03-17,2026-03-18,184.314,2026-03-31,171.241,9,54,False,-710.59,-7.14,89,硬止损-7%,9957.94,6,ACCUMULATING
CCO,C,2026-03-18,2026-03-19,2.382,2026-04-10,2.368,15,4197,False,-66.88,-0.67,100,横盘15天出场,10003.85,6,ACCUMULATING
ATGE,C,2026-03-19,2026-03-20,106.647,2026-04-17,117.792,19,93,False,1031.06,10.39,111,持仓40天强制出场,9923.09,6,ACCUMULATING
FFIV,C,2026-03-20,2026-03-23,288.658,2026-04-14,294.895,15,34,False,207.03,2.11,111,横盘15天出场,9819.29,7,ACCUMULATING
UAMY,C,2026-03-24,2026-03-25,9.64,2026-03-26,8.956,1,1037,False,-713.68,-7.14,121,硬止损-7%,10001.29,7,ACCUMULATING
AMX,C,2026-03-30,2026-03-31,24.975,2026-04-17,26.344,12,400,False,542.2,5.42,108,持仓40天强制出场,9994.98,7,ACCUMULATING
ATGE,C,2026-04-10,2026-04-13,111.812,2026-04-17,117.792,4,89,False,527.01,5.29,102,持仓40天强制出场,9956.22,6,ACCUMULATING
MCB,C,2026-04-15,2026-04-16,90.06,2026-04-17,88.931,1,111,False,-130.25,-1.3,84,持仓40天强制出场,10001.66,6,ACCUMULATING
