ticker,trade_date,score,signal,close,winner_ratio,main_peak,peak_deviation,conc_change,center_drift,quiet_streak,recovery_ratio,snap_mode
KFY,2025-09-05,99,ACCUMULATING,71.60773468017578,0.4863,71.96,-0.0049,-0.0392,0.0249,4,0.8,slow
FLS,2025-09-05,66,ACCUMULATING,54.65653991699219,0.8451,52.95,0.0322,-0.0244,0.0721,3,0.583,slow
FLS,2025-09-08,71,ACCUMULATING,55.102108001708984,0.8828,52.95,0.0406,-0.0234,0.0671,3,0.618,slow
NVST,2025-09-09,96,ACCUMULATING,20.809999465942383,0.7299,20.72,0.0043,-0.0319,0.0969,3,0.857,slow
FLS,2025-09-09,74,ACCUMULATING,54.67634201049805,0.8225,52.95,0.0326,-0.0178,0.0624,3,0.615,slow
IDT,2025-09-10,119,ACCUMULATING,63.98112106323242,0.6326,64.48,-0.0077,-0.0933,0.0475,3,0.683,fast
APG,2025-09-10,111,ACCUMULATING,35.130001068115234,0.7214,34.69,0.0127,-0.107,0.0254,3,0.701,slow
NVST,2025-09-10,101,ACCUMULATING,20.770000457763672,0.718,20.72,0.0024,-0.0317,0.097,3,0.849,slow
IDT,2025-09-11,85,ACCUMULATING,65.2466049194336,0.8181,64.48,0.0119,-0.0874,0.0473,3,0.729,fast
APG,2025-09-11,76,ACCUMULATING,35.61000061035156,0.8434,34.69,0.0265,-0.1073,0.0254,3,0.74,slow
IDT,2025-09-12,81,ACCUMULATING,66.10352325439453,0.8975,64.48,0.0252,-0.0874,0.0473,3,0.688,fast
APG,2025-09-15,110,ACCUMULATING,35.2599983215332,0.7734,34.69,0.0164,-0.1315,0.0285,3,0.688,slow
AES,2025-09-15,99,ACCUMULATING,12.715863227844238,0.6576,12.63,0.0068,-0.0241,0.0373,4,0.804,fast
VAC,2025-09-16,115,ACCUMULATING,75.17835235595703,0.6649,75.25,-0.001,-0.1359,0.0549,4,0.776,slow
VAC,2025-09-18,103,ACCUMULATING,75.41230773925781,0.7251,75.25,0.0022,-0.1507,0.0425,4,0.807,slow
STWD,2025-09-19,110,ACCUMULATING,18.701330184936523,0.6741,18.42,0.0153,-0.0517,0.0104,3,0.787,slow
NVST,2025-09-19,100,ACCUMULATING,20.93000030517578,0.7239,20.82,0.0053,-0.0437,0.0915,3,1.163,slow
NVST,2025-09-22,103,ACCUMULATING,20.889999389648438,0.6434,20.82,0.0034,-0.0469,0.0864,3,1.204,slow
AIT,2025-09-22,89,ACCUMULATING,264.5089111328125,0.7299,261.44,0.0117,-0.0192,0.0376,4,0.69,fast
WNC,2025-09-22,88,ACCUMULATING,10.540645599365234,0.5754,10.94,-0.0365,-0.0813,0.0651,4,0.564,slow
SNN,2025-09-22,83,ACCUMULATING,35.678436279296875,0.5923,36.53,-0.0233,-0.0206,0.1782,4,0.656,fast
FLS,2025-09-22,69,ACCUMULATING,56.240787506103516,0.87,55.88,0.0065,-0.0101,0.0252,3,1.033,fast
AES,2025-09-23,106,ACCUMULATING,12.823211669921875,0.7432,12.63,0.0153,-0.0627,0.1361,3,0.743,slow
ACB,2025-09-23,110,ACCUMULATING,5.03000020980835,0.5086,5.02,0.002,-0.1588,0.0842,3,0.77,slow
NVST,2025-09-23,102,ACCUMULATING,20.84000015258789,0.6314,20.82,0.001,-0.057,0.0911,3,1.205,slow
STWD,2025-09-23,102,ACCUMULATING,18.544178009033203,0.553,18.42,0.0067,-0.0485,0.0137,3,0.881,slow
FLS,2025-09-23,98,ACCUMULATING,55.85462951660156,0.6963,55.88,-0.0005,-0.011,0.0304,3,1.237,fast
FLS,2025-09-24,104,ACCUMULATING,54.824867248535156,0.578,55.88,-0.0189,-0.0423,0.0355,3,1.278,slow
STWD,2025-09-26,102,ACCUMULATING,18.53493309020996,0.5046,18.48,0.003,-0.0482,0.0104,3,0.841,slow
FNF,2025-10-02,99,ACCUMULATING,56.32526779174805,0.7187,55.75,0.0103,-0.0403,0.0693,3,0.619,slow
NVST,2025-10-03,110,ACCUMULATING,20.850000381469727,0.6853,20.82,0.0014,-0.0487,0.0458,3,0.977,slow
AIR,2025-10-09,114,ACCUMULATING,81.2699966430664,0.5138,83.43,-0.0259,-0.1378,0.0769,5,1.079,slow
EDU,2025-10-10,110,ACCUMULATING,51.43000030517578,0.5115,52.68,-0.0237,-0.0239,0.0764,3,0.938,fast
AIR,2025-10-13,118,ACCUMULATING,81.27999877929688,0.5372,83.43,-0.0258,-0.1405,0.0636,5,0.89,slow
AWI,2025-10-13,103,ACCUMULATING,195.11331176757812,0.5488,195.23,-0.0006,-0.0868,0.1533,3,0.682,slow
EDU,2025-10-13,104,ACCUMULATING,52.689998626708984,0.7164,52.68,0.0002,-0.0247,0.0806,3,0.969,fast
AIR,2025-10-14,121,ACCUMULATING,82.93000030517578,0.6909,83.43,-0.006,-0.1481,0.0703,5,0.849,slow
LYG,2025-10-15,106,ACCUMULATING,4.431364059448242,0.7754,4.43,0.0003,-0.0416,0.062,4,0.843,slow
AIR,2025-10-16,125,ACCUMULATING,82.86000061035156,0.5937,83.43,-0.0068,-0.139,0.0835,5,0.861,slow
LYG,2025-10-16,112,ACCUMULATING,4.392321586608887,0.6424,4.43,-0.0085,-0.0434,0.072,3,0.889,slow
BUD,2025-10-21,93,WASHING,61.84000015258789,0.6975,59.42,0.0407,-0.0137,-0.0037,3,0.956,fast
BUD,2025-10-22,93,WASHING,61.79999923706055,0.699,59.42,0.0401,-0.0173,-0.0037,4,1.036,fast
BUD,2025-10-23,93,WASHING,61.59000015258789,0.6693,59.42,0.0365,-0.0188,0.0037,4,0.893,fast
FMX,2025-10-30,124,ACCUMULATING,95.5999984741211,0.6981,95.59,0.0001,-0.0631,0.0675,5,0.639,slow
BAP,2025-10-31,111,ACCUMULATING,261.0,0.6501,262.06,-0.004,-0.0863,0.0379,3,0.751,slow
FMX,2025-10-31,109,ACCUMULATING,94.36000061035156,0.5484,95.59,-0.0129,-0.0631,0.0675,5,0.717,slow
CM,2025-10-31,69,ACCUMULATING,82.19171905517578,0.9721,79.81,0.0298,-0.0203,0.0942,3,0.635,slow
FMX,2025-11-03,104,ACCUMULATING,94.12000274658203,0.5071,94.6,-0.0051,-0.0602,0.0715,5,0.732,slow
CM,2025-11-03,67,ACCUMULATING,83.1240234375,0.9761,79.81,0.0415,-0.0201,0.0942,3,0.745,slow
CM,2025-11-04,68,ACCUMULATING,82.62811279296875,0.9498,79.81,0.0353,-0.0111,0.0942,3,0.754,slow
MSGE,2025-11-05,111,ACCUMULATING,44.540000915527344,0.6489,44.24,0.0068,-0.0294,0.0333,3,0.932,fast
FMX,2025-11-05,103,ACCUMULATING,94.13999938964844,0.5171,94.6,-0.0049,-0.061,0.0756,4,0.578,slow
CM,2025-11-05,67,ACCUMULATING,82.66778564453125,0.9421,79.81,0.0358,-0.0156,0.0942,3,0.712,slow
BAP,2025-11-12,92,ACCUMULATING,262.5199890136719,0.7712,260.6,0.0074,-0.1115,0.035,3,0.743,slow
PB,2025-11-14,86,WASHING,65.65132904052734,0.6847,65.71,-0.0009,-0.0219,-0.0031,3,0.775,fast
ESE,2025-11-19,96,ACCUMULATING,216.88194274902344,0.6703,217.21,-0.0015,-0.0223,0.0718,3,0.86,slow
TV,2025-11-24,100,ACCUMULATING,2.740000009536743,0.6915,2.69,0.0186,-0.2426,0.0637,5,0.611,slow
REXR,2025-11-26,81,ACCUMULATING,40.659568786621094,0.6528,40.19,0.0117,-0.0133,0.0105,3,0.927,slow
REXR,2025-11-28,83,ACCUMULATING,40.61077117919922,0.6446,40.19,0.0105,-0.0133,0.0105,3,0.83,slow
REXR,2025-12-03,76,ACCUMULATING,40.64004898071289,0.6695,40.37,0.0067,-0.0127,0.0062,3,0.76,slow
ITW,2026-01-05,101,ACCUMULATING,248.02146911621094,0.615,247.31,0.0029,-0.0076,0.0104,3,1.084,fast
FDS,2026-01-05,99,ACCUMULATING,284.889892578125,0.5433,290.76,-0.0202,-0.1377,0.0278,3,0.61,fast
TXN,2026-01-05,96,ACCUMULATING,176.02105712890625,0.6152,175.76,0.0015,-0.0861,0.0056,3,0.635,slow
ARW,2026-01-05,78,ACCUMULATING,112.9800033569336,0.5269,112.72,0.0023,-0.0274,0.0054,3,0.717,fast
WM,2026-01-05,61,ACCUMULATING,218.5709228515625,0.81,215.92,0.0123,-0.0166,0.0064,3,0.74,fast
PRA,2026-01-05,83,WASHING,24.100000381469727,0.6199,24.03,0.0029,-0.0241,0.0025,3,1.184,slow
PAGS,2026-01-06,119,ACCUMULATING,9.899999618530273,0.6645,9.65,0.0259,-0.0637,0.0441,3,0.637,slow
GDOT,2026-01-06,106,ACCUMULATING,12.899999618530273,0.5535,13.02,-0.0092,-0.0589,0.0331,3,0.799,fast
NSC,2026-01-06,110,ACCUMULATING,289.86932373046875,0.6586,289.73,0.0005,-0.0705,0.0317,3,0.787,slow
META,2026-01-06,100,ACCUMULATING,660.0548706054688,0.5839,659.47,0.0009,-0.0204,0.0206,4,0.593,fast
VRTX,2026-01-06,75,ACCUMULATING,468.3800048828125,0.9838,454.08,0.0315,-0.0314,0.0688,3,0.779,slow
WAL,2026-01-06,72,ACCUMULATING,88.13211822509766,0.9552,86.26,0.0217,-0.0591,0.0731,3,0.601,slow
MUFG,2026-01-06,69,ACCUMULATING,16.43000030517578,0.9659,15.93,0.0314,-0.0274,0.0275,3,0.607,fast
AMZN,2026-01-06,68,ACCUMULATING,240.92999267578125,0.8833,232.41,0.0367,-0.0416,0.009,3,0.88,slow
EW,2026-01-06,66,ACCUMULATING,85.8499984741211,0.8429,85.32,0.0062,-0.0104,0.0216,4,0.689,fast
BLK,2026-01-06,91,ACCUMULATING,1106.1221923828125,0.7714,1082.55,0.0218,-0.0135,0.0082,4,0.825,fast
ARW,2026-01-06,83,ACCUMULATING,113.5,0.6157,112.72,0.0069,-0.0221,0.0054,3,0.847,fast
BMI,2026-01-06,71,WASHING,181.36427307128906,0.6098,180.74,0.0035,-0.0382,0.0,3,0.591,fast
ADI,2026-01-06,64,ACCUMULATING,292.025634765625,0.9925,275.21,0.0611,-0.0126,0.1191,4,0.865,fast
GDOT,2026-01-07,109,ACCUMULATING,12.859999656677246,0.5627,12.81,0.0039,-0.0589,0.0331,4,0.841,fast
CTAS,2026-01-07,91,ACCUMULATING,186.27157592773438,0.414,187.36,-0.0058,-0.0495,0.0111,4,0.663,fast
WMS,2026-01-07,107,ACCUMULATING,148.07427978515625,0.5922,148.1,-0.0002,-0.1102,0.0291,3,1.012,fast
CI,2026-01-07,97,ACCUMULATING,277.5907897949219,0.7315,272.9,0.0172,-0.0368,0.01,4,0.752,fast
EFX,2026-01-07,83,ACCUMULATING,212.9247283935547,0.4486,210.68,0.0107,-0.0326,0.0148,4,1.084,fast
WAL,2026-01-07,74,ACCUMULATING,87.49506378173828,0.8775,86.26,0.0143,-0.0545,0.0788,4,0.669,slow
F,2026-01-07,73,ACCUMULATING,13.592785835266113,0.9468,13.19,0.0305,-0.0312,0.0732,6,0.614,slow
TXN,2026-01-07,70,ACCUMULATING,184.5056915283203,0.8883,175.76,0.0498,-0.0659,0.0171,3,0.972,slow
MUFG,2026-01-07,69,ACCUMULATING,16.479999542236328,0.97,15.94,0.0339,-0.0264,0.0234,4,0.668,fast
LII,2026-01-07,106,WASHING,503.4914245605469,0.6321,492.05,0.0233,-0.0605,0.0,4,0.82,fast
AON,2026-01-07,95,ACCUMULATING,349.9200134277344,0.5196,352.22,-0.0065,-0.0212,0.0069,4,0.793,fast
CCK,2026-01-07,92,ACCUMULATING,100.32807922363281,0.6749,95.02,0.0559,-0.0104,0.0133,5,0.659,slow
GGG,2026-01-07,90,ACCUMULATING,82.58085632324219,0.6785,82.04,0.0066,-0.016,0.0064,4,0.726,fast
WM,2026-01-07,88,ACCUMULATING,215.1146697998047,0.4872,215.92,-0.0037,-0.0171,0.0096,3,0.882,fast
EW,2026-01-07,84,ACCUMULATING,84.83000183105469,0.6214,85.32,-0.0057,-0.0098,0.0179,5,0.822,fast
CLH,2026-01-07,61,ACCUMULATING,243.1999969482422,0.9137,239.87,0.0139,-0.0055,0.0333,5,0.609,fast
ITW,2026-01-07,65,ACCUMULATING,245.4378204345703,0.3265,247.31,-0.0076,-0.0142,0.0068,3,1.296,slow
BX,2026-01-08,119,ACCUMULATING,153.51577758789062,0.6722,153.15,0.0024,-0.0553,0.0304,5,1.088,fast
PAGS,2026-01-08,114,ACCUMULATING,9.930000305175781,0.7207,9.65,0.029,-0.0579,0.0441,5,0.917,slow
TRU,2026-01-08,110,ACCUMULATING,84.19801330566406,0.558,83.5,0.0084,-0.0501,0.0253,4,1.091,slow
CTAS,2026-01-08,101,ACCUMULATING,189.82339477539062,0.7405,187.36,0.0131,-0.0569,0.0111,5,0.729,fast
EFX,2026-01-08,95,ACCUMULATING,217.44252014160156,0.5844,211.72,0.027,-0.0326,0.0148,5,1.203,fast
NSC,2026-01-08,98,ACCUMULATING,288.44561767578125,0.4833,289.73,-0.0044,-0.0614,0.0317,4,0.88,slow
WST,2026-01-08,92,ACCUMULATING,274.978271484375,0.6298,276.11,-0.0041,-0.1702,0.018,4,1.092,slow
QCOM,2026-01-08,82,ACCUMULATING,180.7097625732422,0.9222,173.47,0.0417,-0.0944,0.0316,6,0.895,slow
CI,2026-01-08,77,ACCUMULATING,282.35455322265625,0.7947,272.9,0.0346,-0.0379,0.0151,4,0.768,fast
WMS,2026-01-08,72,ACCUMULATING,151.4507293701172,0.9113,148.1,0.0226,-0.1141,0.0238,3,1.066,fast
HNI,2026-01-08,72,ACCUMULATING,43.319908142089844,0.8514,42.15,0.0278,-0.0308,0.023,3,0.685,fast
POR,2026-01-08,70,ACCUMULATING,48.47549819946289,0.8469,46.85,0.0347,-0.0275,0.0144,4,0.634,fast
WM,2026-01-08,100,ACCUMULATING,216.99717712402344,0.682,215.92,0.005,-0.0171,0.0096,3,0.955,fast
BLK,2026-01-08,96,ACCUMULATING,1081.8970947265625,0.5852,1082.55,-0.0006,-0.0216,0.0082,5,1.071,fast
ARW,2026-01-08,96,WASHING,113.37000274658203,0.6358,112.72,0.0058,-0.0263,0.0,3,0.845,fast
AON,2026-01-08,92,ACCUMULATING,351.9700012207031,0.6046,352.22,-0.0007,-0.0212,0.0069,5,0.865,fast
ITW,2026-01-08,63,ACCUMULATING,252.1354522705078,0.8324,247.31,0.0195,-0.0113,0.0138,3,1.414,fast
TXN,2026-01-08,63,ACCUMULATING,187.2279052734375,0.9267,175.76,0.0652,-0.0659,0.0171,3,1.064,slow
BAM,2026-01-08,96,WASHING,53.206180572509766,0.6589,52.65,0.0106,-0.0207,0.0,4,0.792,fast
GGG,2026-01-08,62,ACCUMULATING,84.61707305908203,0.9692,82.04,0.0314,-0.0131,0.0094,4,0.78,fast
DXCM,2026-01-09,123,ACCUMULATING,67.4000015258789,0.6656,66.27,0.0171,-0.0699,0.0337,7,0.902,fast
QCOM,2026-01-09,117,ACCUMULATING,176.64585876464844,0.738,173.47,0.0183,-0.0942,0.0316,6,0.956,slow
CI,2026-01-09,111,ACCUMULATING,277.4217224121094,0.6988,272.9,0.0166,-0.0379,0.0151,4,0.824,fast
SHOP,2026-01-09,111,ACCUMULATING,164.47999572753906,0.6963,161.94,0.0157,-0.1965,0.0239,4,0.64,slow
MAA,2026-01-09,103,ACCUMULATING,132.74685668945312,0.5931,132.08,0.005,-0.0662,0.0172,3,1.214,slow
WST,2026-01-09,100,ACCUMULATING,275.2679748535156,0.6162,276.11,-0.003,-0.1702,0.018,4,1.054,slow
EW,2026-01-09,99,ACCUMULATING,85.12999725341797,0.6912,85.32,-0.0022,-0.0103,0.0215,6,0.984,fast
BX,2026-01-09,99,ACCUMULATING,155.80911254882812,0.7656,153.15,0.0174,-0.046,0.018,5,1.093,fast
JHG,2026-01-09,76,ACCUMULATING,47.7599983215332,0.8538,47.49,0.0057,-0.0638,0.087,8,1.193,slow
WAL,2026-01-09,76,ACCUMULATING,89.69488525390625,0.9453,86.26,0.0398,-0.04,0.0843,5,0.826,slow
PRLB,2026-01-09,74,ACCUMULATING,54.709999084472656,0.9652,52.43,0.0435,-0.1457,0.0306,3,0.734,slow
TRU,2026-01-09,73,ACCUMULATING,87.56233978271484,0.8453,83.5,0.0487,-0.0509,0.0303,4,1.122,slow
HNI,2026-01-09,69,ACCUMULATING,44.04438781738281,0.9024,42.15,0.0449,-0.0262,0.023,3,0.619,fast
BLK,2026-01-09,96,ACCUMULATING,1079.092529296875,0.5867,1082.55,-0.0032,-0.0175,0.0082,5,1.089,fast
AON,2026-01-09,93,ACCUMULATING,350.79998779296875,0.5053,351.02,-0.0006,-0.0212,0.0069,5,0.849,fast
ARW,2026-01-09,89,WASHING,114.98999786376953,0.7292,112.72,0.0201,-0.0316,0.0,3,0.903,fast
PAGS,2026-01-09,76,ACCUMULATING,10.289999961853027,0.8778,9.65,0.0663,-0.0619,0.0385,5,0.993,slow
BKU,2026-01-09,68,ACCUMULATING,45.07551956176758,0.8796,45.05,0.0006,-0.0145,0.1053,5,0.799,fast
POR,2026-01-09,68,ACCUMULATING,48.33694076538086,0.8305,46.85,0.0317,-0.0238,0.0141,4,0.688,fast
TXN,2026-01-09,63,ACCUMULATING,189.0758514404297,0.9457,175.76,0.0758,-0.056,0.023,3,1.07,slow
PCG,2026-01-09,96,WASHING,15.804662704467773,0.6264,15.74,0.0041,-0.0648,-0.0038,5,0.963,slow
GGG,2026-01-09,60,ACCUMULATING,85.37195587158203,0.9748,82.04,0.0406,-0.0069,0.0094,4,0.83,fast
AWR,2026-01-09,83,WASHING,72.69419860839844,0.5324,72.69,0.0001,-0.0106,-0.0026,6,0.772,fast
BKU,2026-01-12,113,ACCUMULATING,44.142032623291016,0.6045,45.05,-0.0202,-0.029,0.105,5,0.799,fast
BX,2026-01-12,109,ACCUMULATING,154.78106689453125,0.7267,153.15,0.0107,-0.0471,0.024,5,1.079,fast
EFX,2026-01-12,95,ACCUMULATING,221.05276489257812,0.7201,211.72,0.0441,-0.0385,0.0197,5,1.177,fast
WAL,2026-01-12,108,ACCUMULATING,87.05709075927734,0.7632,86.26,0.0092,-0.04,0.0843,5,0.795,slow
CI,2026-01-12,104,ACCUMULATING,274.50775146484375,0.6211,272.9,0.0059,-0.0518,0.01,4,0.831,slow
NSC,2026-01-12,94,ACCUMULATING,287.4599609375,0.4938,289.73,-0.0078,-0.0614,0.0317,4,0.74,slow
WM,2026-01-12,83,ACCUMULATING,217.70437622070312,0.7034,215.92,0.0083,-0.042,0.0064,3,0.948,slow
JHG,2026-01-12,78,ACCUMULATING,47.95000076293945,0.8386,47.49,0.0097,-0.0522,0.087,8,1.137,slow
PRLB,2026-01-12,74,ACCUMULATING,54.630001068115234,0.9607,52.43,0.042,-0.1464,0.0366,3,0.703,slow
POR,2026-01-12,71,ACCUMULATING,48.3072509765625,0.7813,46.85,0.0311,-0.038,0.0918,4,0.683,slow
ASR,2026-01-12,98,ACCUMULATING,322.8699951171875,0.6824,302.22,0.0683,-0.0128,0.0244,3,0.608,fast
BLK,2026-01-12,96,ACCUMULATING,1083.2296142578125,0.686,1082.55,0.0006,-0.0174,0.0081,5,1.034,fast
MPLX,2026-01-12,89,ACCUMULATING,52.804542541503906,0.7321,52.96,-0.0029,-0.0248,0.0452,3,0.916,fast
GIL,2026-01-12,85,ACCUMULATING,62.02468490600586,0.7457,57.17,0.0849,-0.0299,0.0092,7,0.678,slow
AON,2026-01-12,81,ACCUMULATING,350.489990234375,0.4989,351.02,-0.0015,-0.0215,0.0103,5,0.86,fast
PAGS,2026-01-12,73,ACCUMULATING,10.430000305175781,0.932,9.65,0.0808,-0.0561,0.0383,5,0.974,slow
WMS,2026-01-12,71,ACCUMULATING,156.61529541015625,0.9537,148.33,0.0559,-0.095,0.0478,3,1.176,slow
XPO,2026-01-12,70,ACCUMULATING,146.1300048828125,0.8487,140.92,0.037,-0.0185,0.0363,3,0.949,fast
MTD,2026-01-12,69,ACCUMULATING,1491.989990234375,0.9552,1401.34,0.0647,-0.0255,0.0653,3,0.906,slow
ITW,2026-01-12,63,ACCUMULATING,252.9403533935547,0.8413,247.31,0.0228,-0.0145,0.0103,3,1.142,slow
GILD,2026-01-12,91,ACCUMULATING,121.90767669677734,0.6146,120.58,0.011,-0.0161,0.0076,5,0.949,fast
EFX,2026-01-13,113,ACCUMULATING,216.97378540039062,0.5475,217.97,-0.0046,-0.0442,0.0246,5,1.077,fast
BX,2026-01-13,112,ACCUMULATING,153.46633911132812,0.6524,153.15,0.0021,-0.0455,0.0179,5,1.081,fast
LAZ,2026-01-13,100,ACCUMULATING,50.86823654174805,0.7378,50.46,0.0081,-0.0637,0.0123,3,1.147,slow
PAGS,2026-01-13,109,ACCUMULATING,10.130000114440918,0.7775,9.65,0.0497,-0.0546,0.0328,5,0.976,slow
BKU,2026-01-13,101,ACCUMULATING,44.12217330932617,0.5324,44.59,-0.0105,-0.0361,0.1097,5,0.912,fast
TRU,2026-01-13,97,ACCUMULATING,83.81865692138672,0.4832,83.5,0.0038,-0.0546,0.0252,4,0.939,slow
SHOP,2026-01-13,78,ACCUMULATING,167.44000244140625,0.7851,168.18,-0.0044,-0.2043,0.0239,4,0.633,slow
POR,2026-01-13,73,ACCUMULATING,48.36663055419922,0.8185,46.85,0.0324,-0.0459,0.0816,4,0.731,slow
BLK,2026-01-13,103,ACCUMULATING,1083.508056640625,0.689,1082.55,0.0009,-0.0174,0.0081,5,1.11,fast
WM,2026-01-13,87,ACCUMULATING,215.32382202148438,0.5019,215.92,-0.0028,-0.0425,0.0096,3,0.938,slow
XPO,2026-01-13,69,ACCUMULATING,147.22000122070312,0.8727,140.92,0.0447,-0.0245,0.0363,3,0.827,fast
MPLX,2026-01-13,63,ACCUMULATING,53.71665573120117,0.9179,52.96,0.0143,-0.0282,0.045,3,0.937,fast
ITW,2026-01-13,62,ACCUMULATING,255.14642333984375,0.9277,247.31,0.0317,-0.0145,0.0103,3,1.05,slow
ARMK,2026-01-13,83,WASHING,38.24278259277344,0.7244,37.29,0.0256,-0.015,0.0048,3,0.903,fast
AWK,2026-01-13,78,WASHING,130.37603759765625,0.5999,130.17,0.0016,-0.0063,-0.0033,7,0.905,fast
AWR,2026-01-13,75,WASHING,73.30992126464844,0.7209,72.69,0.0085,-0.0106,-0.0026,6,0.748,fast
MAA,2026-01-14,122,ACCUMULATING,133.1082763671875,0.6185,132.08,0.0078,-0.0711,0.0216,3,1.023,slow
TRU,2026-01-14,121,ACCUMULATING,85.35606384277344,0.6639,83.5,0.0222,-0.0558,0.0303,4,0.847,slow
CWK,2026-01-14,120,ACCUMULATING,16.360000610351562,0.6346,16.61,-0.0151,-0.2186,0.0203,5,0.907,slow
EFX,2026-01-14,113,ACCUMULATING,219.17784118652344,0.6804,217.97,0.0055,-0.0429,0.0196,5,1.034,fast
PAGS,2026-01-14,109,ACCUMULATING,10.0600004196167,0.7413,9.65,0.0425,-0.0504,0.0383,5,0.863,slow
WM,2026-01-14,95,ACCUMULATING,217.92349243164062,0.7206,215.92,0.0093,-0.0401,0.016,3,0.936,slow
WST,2026-01-14,103,ACCUMULATING,274.728515625,0.6296,276.11,-0.005,-0.1701,0.018,4,0.878,slow
AMZN,2026-01-14,94,ACCUMULATING,236.64999389648438,0.7249,232.41,0.0182,-0.0369,0.0089,4,0.847,slow
BKU,2026-01-14,78,ACCUMULATING,44.886837005615234,0.8093,44.59,0.0067,-0.0401,0.1097,5,1.06,fast
POR,2026-01-14,74,ACCUMULATING,48.77240753173828,0.8819,46.85,0.041,-0.0449,0.0773,4,0.737,slow
KT,2026-01-14,70,ACCUMULATING,19.170000076293945,0.8179,18.97,0.0105,-0.0253,0.0194,3,1.132,fast
RHP,2026-01-14,97,ACCUMULATING,92.34827423095703,0.5091,92.66,-0.0034,-0.0248,0.0335,4,0.947,slow
UGI,2026-01-14,97,ACCUMULATING,36.844093322753906,0.5253,36.82,0.0007,-0.0196,0.0663,3,0.971,fast
R,2026-01-14,72,ACCUMULATING,191.45152282714844,0.7936,190.65,0.0042,-0.0219,0.069,4,0.77,fast
MPLX,2026-01-14,65,ACCUMULATING,54.39338302612305,0.9448,52.96,0.0271,-0.0162,0.0374,3,1.017,fast
ITW,2026-01-14,61,ACCUMULATING,257.2630310058594,0.9351,247.31,0.0402,-0.0113,0.0138,3,1.088,slow
BLK,2026-01-14,95,WASHING,1085.80517578125,0.6934,1082.55,0.003,-0.0208,0.0041,5,1.142,fast
GIL,2026-01-14,72,ACCUMULATING,62.23379135131836,0.7679,57.17,0.0886,-0.0255,0.015,7,0.635,slow
XPO,2026-01-14,66,ACCUMULATING,150.16000366210938,0.9511,140.92,0.0656,-0.0233,0.0301,3,0.898,fast
AWK,2026-01-14,71,WASHING,131.5580291748047,0.7453,130.17,0.0107,-0.0096,-0.0033,7,0.914,fast
TRU,2026-01-15,122,ACCUMULATING,85.11647033691406,0.611,83.5,0.0194,-0.0608,0.0303,4,0.806,slow
EFX,2026-01-15,113,ACCUMULATING,218.61935424804688,0.6059,217.97,0.003,-0.0429,0.0196,5,0.938,fast
CI,2026-01-15,107,ACCUMULATING,276.4172668457031,0.7014,272.9,0.0129,-0.0628,0.0151,4,0.774,slow
MAA,2026-01-15,106,ACCUMULATING,133.7998046875,0.7326,132.08,0.013,-0.0711,0.0216,3,0.927,slow
DXCM,2026-01-15,94,ACCUMULATING,69.23999786376953,0.7361,66.27,0.0448,-0.1173,0.0199,7,1.26,slow
UGI,2026-01-15,99,ACCUMULATING,37.101463317871094,0.6038,36.96,0.0038,-0.0227,0.0617,3,0.821,fast
NSC,2026-01-15,96,ACCUMULATING,289.490966796875,0.5946,289.73,-0.0008,-0.056,0.0226,3,0.64,slow
WST,2026-01-15,77,ACCUMULATING,279.1544494628906,0.8113,276.11,0.011,-0.1819,0.018,4,0.916,slow
BKU,2026-01-15,76,ACCUMULATING,46.366512298583984,0.9954,44.91,0.0324,-0.0356,0.105,5,1.034,fast
WM,2026-01-15,73,ACCUMULATING,218.9892578125,0.8335,215.92,0.0142,-0.0401,0.016,3,0.916,slow
AM,2026-01-15,88,WASHING,17.626033782958984,0.607,17.59,0.002,-0.03,-0.004,3,1.159,slow
BHC,2026-01-15,83,ACCUMULATING,7.260000228881836,0.7256,6.86,0.0583,-0.0094,0.0373,3,0.618,slow
PAGS,2026-01-15,75,ACCUMULATING,10.229999542236328,0.8311,9.65,0.0601,-0.0504,0.0383,5,0.779,slow
R,2026-01-15,69,ACCUMULATING,193.43304443359375,0.9239,190.65,0.0146,-0.0199,0.0577,4,0.722,fast
KT,2026-01-15,63,ACCUMULATING,19.290000915527344,0.8789,18.97,0.0169,-0.0214,0.0194,3,1.052,fast
CNI,2026-01-15,61,ACCUMULATING,98.61050415039062,0.8712,98.06,0.0056,-0.0073,0.0225,3,0.85,slow
LII,2026-01-15,88,WASHING,520.8005981445312,0.7401,492.05,0.0584,-0.0481,0.0,5,0.637,fast
VTR,2026-01-16,110,ACCUMULATING,77.9501953125,0.665,78.03,-0.001,-0.0401,0.1094,4,0.79,slow
EFX,2026-01-16,109,ACCUMULATING,218.97837829589844,0.605,217.97,0.0046,-0.0429,0.0196,5,0.85,fast
PAGS,2026-01-16,105,ACCUMULATING,10.079999923706055,0.7264,9.65,0.0446,-0.0437,0.0328,5,0.714,slow
TRU,2026-01-16,111,ACCUMULATING,86.0748519897461,0.764,83.5,0.0308,-0.0608,0.0303,4,0.753,slow
RHP,2026-01-16,106,ACCUMULATING,93.58182525634766,0.6831,93.41,0.0018,-0.0211,0.0376,4,0.73,slow
R,2026-01-16,102,ACCUMULATING,189.92803955078125,0.6698,190.65,-0.0038,-0.0146,0.0574,4,0.781,fast
BHC,2026-01-16,98,ACCUMULATING,6.980000019073486,0.5247,6.86,0.0175,-0.0167,0.0373,3,0.608,slow
NSC,2026-01-16,96,ACCUMULATING,289.35162353515625,0.5874,289.73,-0.0013,-0.0517,0.0271,4,0.745,slow
MTD,2026-01-16,95,ACCUMULATING,1460.6300048828125,0.7452,1401.34,0.0423,-0.0218,0.0451,3,0.921,slow
UGI,2026-01-16,89,ACCUMULATING,37.14105987548828,0.6672,36.96,0.0049,-0.0204,0.049,3,0.576,fast
MAA,2026-01-16,76,ACCUMULATING,135.4298095703125,0.8305,132.08,0.0254,-0.0711,0.0216,3,0.74,slow
BKU,2026-01-16,73,ACCUMULATING,46.753814697265625,1.0,44.84,0.0427,-0.0345,0.109,5,1.052,fast
DRH,2026-01-16,73,ACCUMULATING,9.2207670211792,0.9539,9.0,0.0245,-0.0291,0.1271,5,0.733,slow
WM,2026-01-16,69,ACCUMULATING,220.3538360595703,0.9031,215.92,0.0205,-0.0405,0.0193,3,0.899,slow
CI,2026-01-16,94,ACCUMULATING,270.7186279296875,0.3852,272.9,-0.008,-0.0628,0.0151,4,0.772,slow
GILD,2026-01-16,66,ACCUMULATING,124.20463562011719,0.9055,121.03,0.0262,-0.0166,0.0368,5,1.033,slow
KT,2026-01-16,66,ACCUMULATING,19.489999771118164,0.9288,18.97,0.0274,-0.0247,0.0156,3,1.041,fast
NWS,2026-01-16,95,WASHING,30.178722381591797,0.6295,29.77,0.0137,-0.0173,0.004,3,1.187,fast
KDP,2026-01-20,124,ACCUMULATING,27.705293655395508,0.631,27.6,0.0038,-0.1446,0.03,5,0.83,slow
CWK,2026-01-20,114,ACCUMULATING,16.549999237060547,0.7093,16.61,-0.0036,-0.222,0.0345,5,0.915,slow
VTR,2026-01-20,110,ACCUMULATING,77.68191528320312,0.6276,78.03,-0.0045,-0.0513,0.1049,4,0.866,slow
MAA,2026-01-20,110,ACCUMULATING,132.79214477539062,0.5901,132.64,0.0011,-0.0717,0.026,3,0.764,slow
LII,2026-01-20,104,ACCUMULATING,503.9600524902344,0.5142,492.05,0.0242,-0.0552,0.006,5,0.864,fast
DRH,2026-01-20,81,ACCUMULATING,9.092013359069824,0.8287,9.0,0.0102,-0.0269,0.1157,5,0.753,slow
GILD,2026-01-20,71,ACCUMULATING,123.43898010253906,0.7919,123.75,-0.0025,-0.0253,0.0344,5,1.075,slow
WM,2026-01-20,69,ACCUMULATING,220.42355346679688,0.8942,215.92,0.0209,-0.0369,0.016,3,0.884,slow
ARW,2026-01-20,92,WASHING,113.37000274658203,0.5496,112.72,0.0058,-0.0262,0.0,3,0.69,fast
SXT,2026-01-20,91,ACCUMULATING,94.7591781616211,0.5016,95.87,-0.0116,-0.0216,0.0067,4,0.735,fast
ARMK,2026-01-20,88,ACCUMULATING,38.52192687988281,0.7114,38.56,-0.001,-0.0202,0.0099,3,1.124,fast
GTES,2026-01-20,88,ACCUMULATING,22.479999542236328,0.6359,21.91,0.026,-0.0137,0.0059,3,0.758,fast
TEL,2026-01-20,87,ACCUMULATING,232.55734252929688,0.6235,229.48,0.0134,-0.0345,0.0067,5,1.073,fast
R,2026-01-20,86,ACCUMULATING,187.19970703125,0.4837,190.65,-0.0181,-0.0136,0.052,4,0.788,fast
PAGS,2026-01-20,70,ACCUMULATING,10.260000228881836,0.8668,9.65,0.0632,-0.0393,0.0381,5,0.725,slow
KT,2026-01-20,65,ACCUMULATING,19.520000457763672,0.9209,18.97,0.029,-0.0467,0.008,3,0.953,slow
WTRG,2026-01-20,89,WASHING,38.9595832824707,0.6913,38.19,0.0202,-0.0185,0.0,3,0.98,fast
AWK,2026-01-20,80,WASHING,130.5349578857422,0.5502,130.17,0.0028,-0.0095,-0.0034,7,0.877,fast
CI,2026-01-21,120,ACCUMULATING,273.40386962890625,0.5804,272.9,0.0018,-0.0628,0.0151,5,0.778,slow
MAA,2026-01-21,117,ACCUMULATING,133.7405242919922,0.655,132.64,0.0083,-0.072,0.0304,3,0.819,slow
OHI,2026-01-21,103,ACCUMULATING,44.0385856628418,0.7252,43.84,0.0045,-0.0699,0.0796,3,1.129,slow
LII,2026-01-21,92,ACCUMULATING,514.9078979492188,0.7005,492.05,0.0465,-0.0515,0.0181,5,1.241,fast
EW,2026-01-21,92,ACCUMULATING,85.13999938964844,0.7404,85.32,-0.0021,-0.0137,0.046,6,1.108,slow
RHP,2026-01-21,74,ACCUMULATING,94.70681762695312,0.8151,93.41,0.0139,-0.0251,0.0376,4,0.875,slow
WM,2026-01-21,66,ACCUMULATING,225.59300231933594,0.9789,215.92,0.0448,-0.0278,0.0192,3,1.067,slow
NWS,2026-01-21,93,ACCUMULATING,30.13886833190918,0.6207,30.14,-0.0,-0.022,0.0081,3,1.368,fast
MTD,2026-01-21,92,ACCUMULATING,1442.9300537109375,0.6729,1401.34,0.0297,-0.0248,0.0353,3,1.14,slow
F,2026-01-21,75,ACCUMULATING,13.622464179992676,0.8189,13.17,0.0344,-0.0107,0.0765,7,0.902,slow
SPXC,2026-01-21,75,ACCUMULATING,220.86000061035156,0.9365,207.96,0.062,-0.0861,0.0622,3,1.16,slow
DRH,2026-01-21,67,ACCUMULATING,9.40894603729248,0.9842,9.01,0.0443,-0.0141,0.1164,5,0.866,slow
UGI,2026-01-21,66,ACCUMULATING,37.67560958862305,0.8254,36.96,0.0194,-0.0175,0.0118,3,0.733,fast
ITW,2026-01-21,63,ACCUMULATING,258.3064270019531,0.9184,247.31,0.0445,-0.0054,0.0242,3,1.034,slow
PAGS,2026-01-21,69,ACCUMULATING,10.489999771118164,0.9301,9.65,0.087,-0.0232,0.0381,5,0.85,slow
CWK,2026-01-22,120,ACCUMULATING,16.6299991607666,0.7301,16.56,0.0042,-0.2145,0.0384,5,0.871,slow
MAA,2026-01-22,119,ACCUMULATING,133.0292510986328,0.5663,133.76,-0.0055,-0.072,0.0304,3,0.806,slow
BX,2026-01-22,116,ACCUMULATING,153.1302490234375,0.4831,153.15,-0.0001,-0.1134,0.049,5,0.903,slow
LII,2026-01-22,104,ACCUMULATING,508.1876525878906,0.6035,492.05,0.0328,-0.0515,0.0181,5,1.373,fast
CTAS,2026-01-22,111,ACCUMULATING,192.62696838378906,0.6738,187.36,0.0281,-0.0886,0.0073,5,1.07,slow
SPXC,2026-01-22,78,ACCUMULATING,217.1300048828125,0.8075,207.96,0.0441,-0.0707,0.0549,3,1.08,slow
RHP,2026-01-22,74,ACCUMULATING,95.12129211425781,0.8426,93.41,0.0183,-0.0251,0.0376,4,0.907,slow
BTI,2026-01-22,71,ACCUMULATING,57.38557434082031,0.9901,55.67,0.0308,-0.045,0.0738,3,1.26,slow
F,2026-01-22,105,ACCUMULATING,13.56310749053955,0.7681,13.17,0.0298,-0.0163,0.0765,6,0.877,slow
FTV,2026-01-22,89,ACCUMULATING,54.660186767578125,0.5915,54.85,-0.0035,-0.0078,0.0328,3,0.979,fast
MTD,2026-01-22,89,ACCUMULATING,1438.1099853515625,0.6679,1401.34,0.0262,-0.0183,0.0256,3,1.12,slow
AWK,2026-01-22,88,WASHING,130.67401123046875,0.6161,130.17,0.0039,-0.0129,-0.0034,7,0.748,fast
J,2026-01-22,85,WASHING,139.7279815673828,0.6234,134.77,0.0368,-0.0168,0.0,3,0.676,fast
VRSN,2026-01-22,83,WASHING,250.56788635253906,0.7037,247.43,0.0127,-0.0134,0.0,5,0.859,fast
XYL,2026-01-22,73,WASHING,142.4271240234375,0.7453,138.64,0.0273,-0.0096,0.0,5,1.219,fast
MAA,2026-01-23,113,ACCUMULATING,134.1455535888672,0.7362,133.76,0.0029,-0.0676,0.0304,3,0.82,slow
CTAS,2026-01-23,113,ACCUMULATING,192.5172119140625,0.6657,187.36,0.0275,-0.0892,0.011,5,1.034,slow
CWK,2026-01-23,112,ACCUMULATING,16.209999084472656,0.49,16.56,-0.0211,-0.2213,0.0384,5,0.836,slow
ALK,2026-01-23,104,ACCUMULATING,50.869998931884766,0.72,48.95,0.0392,-0.2528,0.1218,5,1.339,slow
CI,2026-01-23,101,ACCUMULATING,277.6703796386719,0.7441,272.9,0.0175,-0.0577,0.0151,5,0.678,slow
SPXC,2026-01-23,114,ACCUMULATING,211.02999877929688,0.6232,207.96,0.0148,-0.0691,0.0477,3,1.037,slow
KDP,2026-01-23,108,ACCUMULATING,27.516956329345703,0.5519,27.46,0.0021,-0.1445,0.03,5,0.901,slow
IQV,2026-01-23,105,ACCUMULATING,235.30999755859375,0.7379,223.24,0.0541,-0.0557,0.0608,5,0.818,slow
BKH,2026-01-23,100,ACCUMULATING,70.99949645996094,0.7406,69.84,0.0166,-0.0168,0.0447,3,0.811,slow
RHP,2026-01-23,100,ACCUMULATING,94.2726058959961,0.7403,93.41,0.0092,-0.0246,0.0332,4,0.93,slow
LII,2026-01-23,99,ACCUMULATING,508.2674255371094,0.6174,504.02,0.0084,-0.1205,0.006,5,1.437,slow
ARW,2026-01-23,95,ACCUMULATING,116.66000366210938,0.7281,112.72,0.035,-0.0376,0.0052,3,0.758,fast
POR,2026-01-23,76,ACCUMULATING,48.821895599365234,0.7936,46.85,0.0421,-0.0341,0.0612,4,0.698,slow
FTV,2026-01-23,89,ACCUMULATING,54.53032684326172,0.5975,54.85,-0.0058,-0.011,0.0328,3,1.026,fast
GTES,2026-01-23,89,ACCUMULATING,23.09000015258789,0.7449,21.91,0.0539,-0.0148,0.0122,3,0.964,fast
NVT,2026-01-23,72,ACCUMULATING,110.29000091552734,0.8802,103.44,0.0662,-0.1795,0.033,4,0.917,slow
XYL,2026-01-23,92,WASHING,140.75279235839844,0.6462,138.64,0.0152,-0.0096,0.0,5,1.039,fast
WTRG,2026-01-23,84,ACCUMULATING,38.830772399902344,0.6318,38.19,0.0168,-0.0189,0.0052,3,1.044,fast
VRSN,2026-01-23,76,WASHING,249.67123413085938,0.7017,247.43,0.0091,-0.0134,0.0,5,0.846,fast
PRA,2026-01-23,80,WASHING,24.1200008392334,0.5152,24.15,-0.0012,-0.0192,0.0025,3,1.132,slow
LH,2026-01-23,79,WASHING,265.99249267578125,0.6907,251.26,0.0586,-0.0164,-0.0042,6,0.979,fast
CWK,2026-01-26,121,ACCUMULATING,16.440000534057617,0.5874,16.56,-0.0072,-0.2119,0.0311,5,0.814,slow
ALK,2026-01-26,116,ACCUMULATING,49.810001373291016,0.594,48.95,0.0176,-0.2596,0.1218,5,1.395,slow
NWE,2026-01-26,114,ACCUMULATING,65.97608184814453,0.6783,65.81,0.0025,-0.0609,0.0781,4,1.168,slow
MAA,2026-01-26,112,ACCUMULATING,133.32562255859375,0.6434,133.76,-0.0032,-0.067,0.0259,3,0.772,slow
LII,2026-01-26,106,ACCUMULATING,510.9096374511719,0.6665,507.02,0.0077,-0.1221,0.012,5,1.408,slow
RHP,2026-01-26,103,ACCUMULATING,94.4009017944336,0.7362,93.41,0.0106,-0.0251,0.0375,4,0.961,slow
CTAS,2026-01-26,101,ACCUMULATING,193.44508361816406,0.7116,187.36,0.0325,-0.0856,0.011,5,0.926,slow
GTES,2026-01-26,105,ACCUMULATING,22.850000381469727,0.6722,21.91,0.0429,-0.0148,0.0122,3,0.956,fast
ARMK,2026-01-26,90,ACCUMULATING,38.67146682739258,0.71,38.56,0.0029,-0.0345,0.0095,3,1.018,slow
SXT,2026-01-26,86,ACCUMULATING,95.47607421875,0.5465,95.87,-0.0041,-0.0415,0.0068,4,0.559,slow
POR,2026-01-26,72,ACCUMULATING,49.16828918457031,0.9038,46.85,0.0495,-0.0378,0.0612,4,0.683,slow
SPXC,2026-01-26,94,ACCUMULATING,215.2100067138672,0.7686,207.96,0.0349,-0.0691,0.0477,3,0.704,slow
BEP,2026-01-26,90,WASHING,27.927967071533203,0.6118,27.9,0.001,-0.0346,0.0,6,0.602,fast
FTV,2026-01-26,89,ACCUMULATING,54.690155029296875,0.6714,54.85,-0.0029,-0.0109,0.0327,3,0.971,fast
NVT,2026-01-26,69,ACCUMULATING,110.58000183105469,0.8652,103.44,0.069,-0.1793,0.033,4,0.801,slow
ITW,2026-01-26,63,ACCUMULATING,257.5213928222656,0.8566,247.31,0.0413,-0.0054,0.0242,3,1.032,slow
VRSN,2026-01-26,93,WASHING,250.60772705078125,0.6945,247.43,0.0128,-0.0178,0.0,5,0.823,fast
ATEN,2026-01-26,84,ACCUMULATING,17.757488250732422,0.6173,17.3,0.0264,-0.0242,0.0092,3,0.781,slow
UGI,2026-01-26,66,ACCUMULATING,39.38813400268555,0.9919,36.91,0.0671,-0.0163,0.1013,4,1.178,slow
PRA,2026-01-26,80,WASHING,24.1200008392334,0.5152,24.15,-0.0012,-0.0192,0.0025,3,1.107,slow
CTAS,2026-01-27,116,ACCUMULATING,190.771240234375,0.5575,187.36,0.0182,-0.0863,0.0148,5,0.785,slow
CWK,2026-01-27,111,ACCUMULATING,16.280000686645508,0.5262,16.56,-0.0169,-0.2119,0.0311,4,0.673,slow
AER,2026-01-27,110,ACCUMULATING,143.47239685058594,0.7351,143.05,0.003,-0.0308,0.0544,5,0.645,fast
MS,2026-01-27,101,ACCUMULATING,181.65858459472656,0.7033,180.41,0.0069,-0.0299,0.0869,4,1.392,fast
BV,2026-01-27,98,ACCUMULATING,13.180000305175781,0.7433,12.78,0.0313,-0.0958,0.0117,4,0.731,slow
GTES,2026-01-27,105,ACCUMULATING,22.719999313354492,0.6017,22.74,-0.0009,-0.021,0.0122,3,1.037,fast
SPXC,2026-01-27,104,ACCUMULATING,215.67999267578125,0.7625,207.96,0.0371,-0.0608,0.0406,3,0.607,slow
MAA,2026-01-27,103,ACCUMULATING,133.098388671875,0.5422,133.76,-0.0049,-0.067,0.0259,3,0.699,slow
IBP,2026-01-27,95,ACCUMULATING,290.2550048828125,0.726,263.75,0.1005,-0.0479,0.0511,4,0.759,slow
LII,2026-01-27,93,ACCUMULATING,497.3394775390625,0.3366,507.02,-0.0191,-0.1178,0.0181,5,1.425,slow
ARMK,2026-01-27,90,ACCUMULATING,38.64155578613281,0.7099,38.56,0.0021,-0.0297,0.0095,3,0.987,slow
NWE,2026-01-27,73,ACCUMULATING,66.76811218261719,0.8385,65.81,0.0146,-0.0593,0.0749,4,1.226,slow
WTRG,2026-01-27,88,ACCUMULATING,38.91004180908203,0.6508,39.0,-0.0023,-0.0243,0.0078,3,0.891,fast
ITW,2026-01-27,66,ACCUMULATING,257.0643005371094,0.7987,247.31,0.0394,-0.0054,0.0242,3,0.969,slow
VRSN,2026-01-27,95,WASHING,248.70481872558594,0.6209,248.54,0.0007,-0.0178,0.0,5,0.775,fast
SSD,2026-01-27,91,WASHING,179.1058349609375,0.6714,166.17,0.0778,-0.0281,0.0045,3,0.81,slow
MS,2026-01-28,115,ACCUMULATING,181.34033203125,0.6375,180.41,0.0052,-0.0298,0.0871,4,1.179,fast
CWK,2026-01-28,114,ACCUMULATING,16.530000686645508,0.6528,16.56,-0.0018,-0.2049,0.0311,4,0.741,slow
CTAS,2026-01-28,112,ACCUMULATING,188.72593688964844,0.5063,187.36,0.0073,-0.0826,0.0148,5,0.715,slow
BV,2026-01-28,108,ACCUMULATING,13.119999885559082,0.6804,12.78,0.0266,-0.0975,0.0173,4,0.663,slow
NWE,2026-01-28,106,ACCUMULATING,65.83747100830078,0.6401,65.81,0.0004,-0.07,0.0712,4,1.354,slow
ARMK,2026-01-28,101,ACCUMULATING,38.382354736328125,0.6132,38.56,-0.0046,-0.0254,0.0146,3,0.886,slow
NWS,2026-01-28,106,ACCUMULATING,30.49754524230957,0.6482,30.14,0.0119,-0.0226,0.0124,3,0.923,fast
AER,2026-01-28,106,ACCUMULATING,142.25567626953125,0.5603,143.05,-0.0056,-0.0308,0.0544,5,0.777,fast
GTES,2026-01-28,100,ACCUMULATING,22.959999084472656,0.7129,22.74,0.0097,-0.0223,0.0186,3,1.104,fast
IBP,2026-01-28,94,ACCUMULATING,291.5941467285156,0.7335,263.75,0.1056,-0.042,0.0511,4,0.748,slow
KW,2026-01-28,93,ACCUMULATING,9.683005332946777,0.692,9.48,0.0214,-0.0124,0.0247,3,0.602,slow
KEY,2026-01-28,70,ACCUMULATING,21.101078033447266,0.8486,21.07,0.0015,-0.0072,0.1173,3,0.971,fast
ITW,2026-01-28,66,ACCUMULATING,256.6270446777344,0.7891,247.31,0.0377,-0.0057,0.0277,3,0.94,slow
SSD,2026-01-28,87,WASHING,177.15914916992188,0.639,166.17,0.0661,-0.0281,0.0045,3,0.709,slow
CWK,2026-01-29,114,ACCUMULATING,16.6299991607666,0.7395,16.56,0.0042,-0.2049,0.0311,4,0.718,slow
BIIB,2026-01-29,112,ACCUMULATING,176.17999267578125,0.7158,173.54,0.0152,-0.0742,0.1241,5,0.559,slow
CTAS,2026-01-29,112,ACCUMULATING,189.2147979736328,0.5052,187.36,0.0099,-0.0826,0.0148,5,0.681,slow
IQV,2026-01-29,111,ACCUMULATING,235.6199951171875,0.6788,240.34,-0.0196,-0.0874,0.0574,5,0.904,slow
MS,2026-01-29,108,ACCUMULATING,181.39999389648438,0.7088,181.38,0.0001,-0.0298,0.0871,4,1.121,fast
ARMK,2026-01-29,108,ACCUMULATING,38.37238693237305,0.5167,38.38,-0.0002,-0.0254,0.0146,3,0.991,slow
HCA,2026-01-29,99,ACCUMULATING,481.8133544921875,0.7392,470.87,0.0232,-0.0829,0.0353,3,1.301,slow
TRNO,2026-01-29,89,ACCUMULATING,60.9228630065918,0.6942,61.38,-0.0074,-0.0347,0.0394,3,1.242,slow
RHP,2026-01-29,103,ACCUMULATING,93.4140625,0.6357,93.41,0.0,-0.0285,0.0332,4,0.836,slow
NSC,2026-01-29,98,ACCUMULATING,288.8836669921875,0.6551,287.2,0.0059,-0.0241,0.0226,4,0.847,slow
NWS,2026-01-29,95,ACCUMULATING,30.49754524230957,0.6341,30.51,-0.0004,-0.0226,0.0124,3,1.226,fast
ATEN,2026-01-29,88,ACCUMULATING,17.65778350830078,0.5348,17.95,-0.0163,-0.0158,0.0191,3,1.084,slow
SPXC,2026-01-29,86,ACCUMULATING,211.83999633789062,0.6022,207.96,0.0187,-0.0593,0.0336,3,0.566,slow
AMZN,2026-01-29,78,ACCUMULATING,241.72999572753906,0.8087,231.39,0.0447,-0.0341,0.0224,3,0.93,slow
AER,2026-01-29,78,ACCUMULATING,144.14059448242188,0.8217,143.05,0.0076,-0.0318,0.06,5,0.757,fast
NWE,2026-01-29,74,ACCUMULATING,66.95621490478516,0.8846,65.81,0.0174,-0.0706,0.0581,4,1.363,slow
BKH,2026-01-29,72,ACCUMULATING,72.11876678466797,0.8527,71.9,0.003,-0.0338,0.022,3,1.03,slow
BEP,2026-01-29,97,WASHING,28.105791091918945,0.6466,27.9,0.0074,-0.0462,0.0,6,0.853,fast
KEY,2026-01-29,68,ACCUMULATING,21.417940139770508,0.97,21.07,0.0165,-0.0085,0.1233,3,0.974,fast
AMZN,2026-01-30,115,ACCUMULATING,239.3000030517578,0.6896,231.39,0.0342,-0.0341,0.0224,3,1.012,slow
CTAS,2026-01-30,112,ACCUMULATING,190.9508056640625,0.6211,187.36,0.0192,-0.0829,0.0184,5,0.723,slow
CWK,2026-01-30,108,ACCUMULATING,16.440000534057617,0.5661,16.56,-0.0072,-0.2035,0.0316,4,0.741,slow
ARMK,2026-01-30,104,ACCUMULATING,38.37238693237305,0.5039,38.38,-0.0002,-0.0254,0.0146,3,1.156,slow
TRNO,2026-01-30,94,ACCUMULATING,61.02202224731445,0.7038,61.38,-0.0058,-0.0341,0.035,3,1.195,slow
IBP,2026-01-30,113,ACCUMULATING,285.82098388671875,0.681,263.75,0.0837,-0.0421,0.0524,4,0.825,slow
AER,2026-01-30,102,ACCUMULATING,143.27293395996094,0.7187,143.05,0.0016,-0.0305,0.0542,5,0.834,fast
GTES,2026-01-30,101,ACCUMULATING,23.020000457763672,0.7305,22.74,0.0123,-0.0234,0.0249,3,1.11,fast
XPO,2026-01-30,90,ACCUMULATING,148.11000061035156,0.7162,148.4,-0.002,-0.0096,0.0358,3,0.843,fast
IQV,2026-01-30,100,ACCUMULATING,230.14999389648438,0.5904,240.34,-0.0424,-0.0815,0.0577,5,1.029,slow
RHP,2026-01-30,100,ACCUMULATING,93.45352935791016,0.6385,93.41,0.0005,-0.0244,0.0332,4,0.881,slow
MS,2026-01-30,93,ACCUMULATING,182.8000030517578,0.7767,181.38,0.0078,-0.0234,0.0815,4,1.076,fast
CP,2026-01-30,81,WASHING,74.18488311767578,0.7197,72.27,0.0265,-0.0306,0.0,5,1.32,slow
NWS,2026-01-30,65,ACCUMULATING,30.985746383666992,0.8497,30.51,0.0156,-0.0231,0.0165,3,1.226,fast
SPXC,2026-02-02,103,ACCUMULATING,212.72999572753906,0.6684,207.96,0.0229,-0.0643,0.0267,3,0.586,slow
BKH,2026-02-02,98,ACCUMULATING,71.7720947265625,0.743,71.9,-0.0018,-0.0376,0.022,6,1.124,slow
TRNO,2026-02-02,97,ACCUMULATING,61.04185485839844,0.6957,61.38,-0.0055,-0.0383,0.035,3,1.063,slow
IBP,2026-02-02,110,ACCUMULATING,284.6108093261719,0.6755,263.75,0.0791,-0.0363,0.0524,4,0.779,slow
RHP,2026-02-02,105,ACCUMULATING,93.38445281982422,0.5459,93.41,-0.0003,-0.0202,0.0332,4,0.893,slow
ATEN,2026-02-02,90,ACCUMULATING,17.63784408569336,0.5572,17.3,0.0195,-0.02,0.0139,3,1.141,slow
KW,2026-02-02,88,ACCUMULATING,9.73245906829834,0.7338,9.74,-0.0008,-0.0125,0.0257,3,0.784,slow
MS,2026-02-02,69,ACCUMULATING,185.10000610351562,0.8721,181.38,0.0205,-0.0269,0.0704,4,1.087,fast
AER,2026-02-02,69,ACCUMULATING,144.928466796875,0.9063,143.05,0.0131,-0.0369,0.0599,5,0.95,fast
IX,2026-02-02,67,ACCUMULATING,30.559999465942383,0.9109,30.27,0.0096,-0.03,0.0774,3,1.088,fast
VRSN,2026-02-02,91,WASHING,250.06973266601562,0.7079,248.54,0.0062,-0.0357,0.0,5,0.909,fast
CTAS,2026-02-03,117,ACCUMULATING,190.29232788085938,0.5989,188.73,0.0083,-0.0836,0.0222,5,0.943,slow
LAZ,2026-02-03,113,ACCUMULATING,51.8891716003418,0.6065,50.46,0.0283,-0.0537,0.0311,3,1.452,slow
AMZN,2026-02-03,111,ACCUMULATING,238.6199951171875,0.6631,238.5,0.0005,-0.0339,0.0222,3,1.114,slow
MS,2026-02-03,100,ACCUMULATING,182.91000366210938,0.7499,181.38,0.0084,-0.0324,0.0755,4,1.163,fast
AER,2026-02-03,105,ACCUMULATING,143.2230682373047,0.6896,143.05,0.0012,-0.0398,0.062,5,1.064,fast
RHP,2026-02-03,101,ACCUMULATING,93.89761352539062,0.7058,93.41,0.0052,-0.0197,0.029,4,0.916,slow
MPLX,2026-02-03,99,ACCUMULATING,54.20703887939453,0.6458,54.63,-0.0077,-0.0054,0.0821,3,1.409,slow
BIIB,2026-02-03,98,ACCUMULATING,176.75999450683594,0.7344,176.39,0.0021,-0.0831,0.1172,5,0.704,slow
CTAS,2026-02-04,113,ACCUMULATING,192.1680145263672,0.7024,188.73,0.0182,-0.0835,0.0222,5,1.101,slow
MS,2026-02-04,102,ACCUMULATING,180.0800018310547,0.4865,181.38,-0.0072,-0.0495,0.074,4,1.22,fast
AER,2026-02-04,105,ACCUMULATING,142.7842559814453,0.5624,143.05,-0.0019,-0.0494,0.056,5,1.073,fast
RHP,2026-02-04,69,ACCUMULATING,94.90418243408203,0.8114,93.41,0.016,-0.0202,0.0332,4,0.983,slow
AON,2026-02-04,71,WASHING,350.2099914550781,0.6717,351.02,-0.0023,-0.0341,-0.0034,5,1.469,slow
BV,2026-02-05,104,ACCUMULATING,12.920000076293945,0.4402,12.78,0.011,-0.1147,0.0173,4,1.334,slow
LII,2026-02-05,99,ACCUMULATING,515.6358032226562,0.7392,492.05,0.0479,-0.1295,0.0181,5,1.294,slow
AER,2026-02-05,104,ACCUMULATING,143.6120147705078,0.6774,143.05,0.0039,-0.0537,0.0502,5,1.233,fast
RHP,2026-02-05,101,ACCUMULATING,94.44036865234375,0.7421,93.41,0.011,-0.0202,0.0332,4,1.0,slow
CTAS,2026-02-05,78,ACCUMULATING,193.66456604003906,0.8018,193.52,0.0007,-0.0839,0.0259,5,1.187,slow
SXT,2026-02-05,88,WASHING,96.13999938964844,0.716,94.6,0.0163,-0.0735,0.0,4,1.165,slow
MS,2026-02-06,96,ACCUMULATING,179.9600067138672,0.5177,180.41,-0.0025,-0.0513,0.0566,5,1.318,fast
CTAS,2026-02-06,75,ACCUMULATING,195.4205322265625,0.8806,193.52,0.0098,-0.0875,0.0259,5,1.188,slow
BV,2026-02-06,75,ACCUMULATING,13.550000190734863,0.8479,13.15,0.0304,-0.1231,0.0293,4,1.457,slow
CRH,2026-02-06,64,ACCUMULATING,126.68372344970703,0.8565,125.57,0.0089,-0.1111,0.0573,4,0.563,slow
RHP,2026-02-06,66,ACCUMULATING,96.67062377929688,0.9783,93.41,0.0349,-0.0246,0.0373,3,1.085,slow
NWE,2026-02-09,108,ACCUMULATING,66.66909790039062,0.6146,66.75,-0.0012,-0.0329,0.0312,3,1.134,slow
GRMN,2026-02-09,99,ACCUMULATING,205.24339294433594,0.6248,201.08,0.0207,-0.0934,0.0114,3,1.063,slow
CWK,2026-02-09,94,ACCUMULATING,16.31999969482422,0.563,16.56,-0.0145,-0.1956,0.0246,3,1.192,slow
CTAS,2026-02-09,78,ACCUMULATING,194.31307983398438,0.8289,193.52,0.0041,-0.0875,0.0259,4,1.155,slow
BV,2026-02-09,75,ACCUMULATING,13.449999809265137,0.7911,13.15,0.0228,-0.1288,0.0293,3,1.357,slow
MS,2026-02-09,86,ACCUMULATING,182.35000610351562,0.7744,180.41,0.0108,-0.0594,0.1152,4,1.3,slow
CTAS,2026-02-10,74,ACCUMULATING,198.85263061523438,0.9224,194.21,0.0239,-0.0838,0.0259,3,1.101,slow
VRTX,2026-02-10,83,ACCUMULATING,463.4800109863281,0.5921,470.18,-0.0142,-0.0139,0.0271,3,1.206,fast
CRH,2026-02-13,93,ACCUMULATING,125.52780151367188,0.6268,125.57,-0.0003,-0.0422,0.0445,4,0.579,slow
CRH,2026-02-19,89,WASHING,125.04948425292969,0.6546,125.57,-0.0041,-0.0195,-0.0027,4,0.75,slow
BSTZ,2026-02-27,73,ACCUMULATING,22.43587875366211,0.8134,22.18,0.0115,-0.0196,0.0502,3,0.657,slow
BSTZ,2026-03-02,69,ACCUMULATING,22.74146270751953,0.9095,22.18,0.0253,-0.0196,0.0502,3,0.689,slow
OXM,2026-03-05,117,ACCUMULATING,38.36500930786133,0.6546,38.18,0.0048,-0.1001,0.0496,3,0.598,slow
BDN,2026-03-05,102,ACCUMULATING,3.025811195373535,0.5881,2.75,0.1003,-0.148,0.0528,3,0.76,slow
OXM,2026-03-09,122,ACCUMULATING,38.256717681884766,0.6567,38.14,0.0031,-0.1003,0.0484,3,0.607,slow
KW,2026-03-17,107,ACCUMULATING,10.770983695983887,0.5325,10.78,-0.0008,-0.1836,0.1074,3,1.029,fast
BIIB,2026-03-17,86,ACCUMULATING,185.2899932861328,0.6264,184.99,0.0016,-0.0387,0.0306,3,0.591,fast
KW,2026-03-18,107,ACCUMULATING,10.741311073303223,0.5325,10.78,-0.0036,-0.1793,0.1029,3,1.04,fast
CCO,2026-03-18,102,ACCUMULATING,2.380000114440918,0.5268,2.36,0.0085,-0.3167,0.18,4,1.412,slow
KW,2026-03-19,107,ACCUMULATING,10.731420516967773,0.5324,10.78,-0.0045,-0.167,0.1029,3,0.848,fast
CCO,2026-03-19,102,ACCUMULATING,2.359999895095825,0.1553,2.36,-0.0,-0.3128,0.1741,3,1.13,slow
KW,2026-03-20,100,ACCUMULATING,10.731420516967773,0.5324,10.78,-0.0045,-0.167,0.1029,3,1.125,fast
KW,2026-03-23,104,ACCUMULATING,10.770983695983887,0.5179,10.78,-0.0008,-0.1467,0.0961,3,1.14,fast
FFIV,2026-03-30,118,ACCUMULATING,279.7300109863281,0.5407,285.68,-0.0208,-0.0502,0.0513,3,0.696,slow
FFIV,2026-03-31,82,ACCUMULATING,289.3299865722656,0.8369,285.68,0.0128,-0.0513,0.057,3,0.715,slow
SEM,2026-04-02,68,ACCUMULATING,16.350000381469727,0.9913,16.25,0.0062,-0.0816,0.0884,5,0.596,slow
ALX,2026-04-08,91,ACCUMULATING,239.83999633789062,0.6564,237.07,0.0117,-0.0259,0.0264,4,0.588,slow
TAL,2026-04-13,93,ACCUMULATING,11.279999732971191,0.6628,10.97,0.0283,-0.0277,0.01,3,0.743,fast
EA,2026-04-14,75,ACCUMULATING,202.85000610351562,0.7446,200.67,0.0109,-0.0081,0.0077,3,0.677,fast
