ticker,pool,entry_score,green_count,signal_date,entry_date,entry_price,exit_date,exit_price,days_held,shares,partial_sold,realized_pnl,pnl_pct,exit_reason,capital_used
ARIS,A,23,7,2025-08-29,2025-09-02,8.789,2025-09-18,9.181,12,1137,True,599.46,6.0,MA10追踪出场,9997.84
DQ,A,22,7,2025-08-29,2025-09-02,24.715,2025-09-11,25.844,7,404,True,596.91,5.98,MA10追踪出场,9989.73
NXE,A,21,7,2025-08-29,2025-09-02,7.608,2025-10-02,8.811,22,1314,True,1409.52,14.09,MA10追踪出场,10001.38
AG,A,23,7,2025-09-02,2025-09-03,9.727,2025-09-04,9.232,1,1028,False,-514.22,-5.14,硬止损-5%,10004.58
MUX,A,23,7,2025-09-02,2025-09-03,14.114,2025-09-04,13.395,1,708,False,-513.87,-5.14,硬止损-5%,9997.78
BTE,A,21,7,2025-09-02,2025-09-03,2.313,2025-09-04,2.195,1,4323,False,-514.22,-5.14,硬止损-5%,10004.43
GOOGL,A,23,7,2025-09-03,2025-09-04,229.363,2025-09-24,246.558,14,43,True,790.22,8.01,MA10追踪出场,9867.52
GOOG,A,23,7,2025-09-03,2025-09-04,229.867,2025-09-24,247.247,14,43,True,792.1,8.01,MA10追踪出场,9889.24
M,A,23,7,2025-09-03,2025-09-04,15.908,2025-09-22,16.559,12,628,True,550.67,5.51,MA10追踪出场,9995.44
SNDK,A,23,7,2025-09-04,2025-09-05,65.586,2025-09-25,94.196,14,152,True,3307.99,33.17,MA10追踪出场,9973.98
AEO,A,23,7,2025-09-04,2025-09-05,18.523,2025-09-08,17.579,1,539,False,-513.41,-5.14,硬止损-5%,9988.84
CIEN,A,22,7,2025-09-04,2025-09-05,115.976,2025-09-25,137.033,14,86,True,1600.63,16.04,MA10追踪出场,9978.91
JKS,A,23,7,2025-09-05,2025-09-08,25.405,2025-09-09,24.111,1,393,False,-513.44,-5.14,硬止损-5%,9989.31
EQX,A,23,7,2025-09-05,2025-09-08,9.951,2025-09-18,10.38,8,1004,True,615.67,6.16,MA10追踪出场,9995.44
SITE,A,20,7,2025-09-05,2025-09-08,152.803,2025-09-09,145.017,1,65,False,-510.76,-5.14,硬止损-5%,9937.14
AVGO,A,23,7,2025-09-08,2025-09-09,347.904,2025-09-25,330.178,12,28,False,-500.94,-5.14,硬止损-5%,9746.19
APP,A,23,7,2025-09-08,2025-09-09,547.362,2025-10-06,547.908,19,18,True,336.46,3.41,成本止损,9857.44
HL,A,23,7,2025-09-08,2025-09-09,10.025,2025-09-24,10.934,11,997,True,966.67,9.67,MA10追踪出场,9999.98
APH,A,20,7,2025-09-09,2025-09-10,117.495,2025-11-05,138.191,40,85,True,1476.44,14.78,持仓40天强制出场,9992.1
BABA,A,20,7,2025-09-09,2025-09-10,145.565,2025-10-08,180.939,20,68,True,1983.85,20.03,MA10追踪出场,9903.4
PBF,A,20,7,2025-09-09,2025-09-10,29.162,2025-09-11,27.676,1,342,False,-512.87,-5.14,硬止损-5%,9978.27
GLW,A,23,7,2025-09-10,2025-09-11,74.86,2025-10-10,82.461,21,133,True,1011.66,10.16,MA10追踪出场,9961.31
ANET,A,23,7,2025-09-10,2025-09-11,152.142,2025-09-12,144.39,1,65,False,-508.55,-5.14,硬止损-5%,9894.17
MU,A,20,7,2025-09-10,2025-09-11,147.653,2025-09-25,156.446,10,67,True,782.99,7.91,MA10追踪出场,9897.73
PSKY,A,22,7,2025-09-11,2025-09-12,17.275,2025-10-01,18.702,13,578,True,825.26,8.26,MA10追踪出场,9990.0
AG,A,22,7,2025-09-11,2025-09-12,10.648,2025-09-17,10.105,3,939,False,-514.16,-5.14,硬止损-5%,10003.38
BX,A,21,7,2025-09-11,2025-09-12,179.476,2025-09-25,170.331,9,55,False,-507.62,-5.14,硬止损-5%,9876.1
WBD,A,23,7,2025-09-12,2025-09-15,18.789,2025-09-16,17.831,1,532,False,-514.02,-5.14,硬止损-5%,10000.62
CENX,A,23,7,2025-09-12,2025-09-15,26.476,2025-10-07,28.062,16,377,True,755.93,7.57,MA10追踪出场,9986.61
TSLA,A,22,7,2025-09-12,2025-09-15,423.553,2025-10-03,423.976,14,23,True,85.92,0.88,成本止损,9746.59
SA,A,23,7,2025-09-15,2025-09-16,20.42,2025-09-17,19.38,1,489,False,-513.5,-5.14,硬止损-5%,9990.57
CCJ,A,22,7,2025-09-15,2025-09-16,86.248,2025-09-17,81.854,1,115,False,-510.06,-5.14,硬止损-5%,9923.53
JKS,A,22,7,2025-09-15,2025-09-16,26.777,2025-09-17,25.412,1,373,False,-513.61,-5.14,硬止损-5%,9992.72
BTE,A,20,7,2025-09-16,2025-09-17,2.552,2025-09-19,2.422,2,3917,False,-514.12,-5.14,硬止损-5%,10002.6
APA,A,19,7,2025-09-16,2025-09-17,23.838,2025-09-22,22.624,3,419,False,-513.64,-5.14,硬止损-5%,9993.2
REZI,A,19,7,2025-09-16,2025-09-17,39.67,2025-10-07,41.638,14,252,True,610.8,6.11,MA10追踪出场,10001.75
BTU,A,23,7,2025-09-17,2025-09-18,21.121,2025-10-17,31.132,21,473,True,3438.68,34.4,MA10追踪出场,9995.46
UNFI,A,22,7,2025-09-17,2025-09-18,30.51,2025-09-22,28.956,2,327,False,-513.06,-5.14,硬止损-5%,9981.92
CAT,A,18,7,2025-09-17,2025-09-18,449.067,2025-10-22,512.198,24,22,True,1261.31,12.76,MA10追踪出场,9884.41
CSTM,A,22,7,2025-09-18,2025-09-19,16.416,2025-09-22,15.58,1,609,False,-514.12,-5.14,硬止损-5%,10002.59
PIPR,A,21,7,2025-09-18,2025-09-19,90.794,2025-09-24,86.168,3,110,False,-513.59,-5.14,硬止损-5%,9992.3
MPWR,A,20,7,2025-09-18,2025-09-19,919.271,2025-09-25,872.434,4,10,False,-472.73,-5.14,硬止损-5%,9197.31
B,A,23,7,2025-09-19,2025-09-22,33.665,2025-10-21,31.95,21,297,False,-514.17,-5.14,硬止损-5%,10003.59
DRD,A,23,7,2025-09-19,2025-09-22,26.539,2025-10-09,27.733,13,376,True,659.91,6.61,MA10追踪出场,9983.82
EXK,A,23,7,2025-09-19,2025-09-22,7.057,2025-10-03,7.692,9,1417,True,875.85,8.75,MA10追踪出场,10004.84
SVM,A,23,7,2025-09-22,2025-09-23,6.196,2025-09-24,5.88,1,1613,False,-513.96,-5.14,硬止损-5%,9999.45
AG,A,21,7,2025-09-22,2025-09-23,12.289,2025-09-24,11.663,1,813,False,-513.79,-5.14,硬止损-5%,9996.05
GDOT,A,21,7,2025-09-22,2025-09-23,15.255,2025-09-24,14.478,1,655,False,-513.84,-5.14,硬止损-5%,9997.18
ONTO,A,22,7,2025-09-23,2025-09-24,136.657,2025-09-25,129.694,1,73,False,-513.01,-5.14,硬止损-5%,9980.91
GTX,A,21,7,2025-09-23,2025-09-24,13.812,2025-09-29,13.108,3,724,False,-514.24,-5.14,硬止损-5%,10004.89
BTG,A,21,7,2025-09-23,2025-09-24,4.916,2025-10-21,5.155,19,2034,True,721.57,7.21,MA10追踪出场,10004.11
BABA,A,23,7,2025-09-24,2025-09-25,173.573,2025-10-08,180.939,9,57,True,570.62,5.76,MA10追踪出场,9898.63
BTU,A,23,7,2025-09-24,2025-09-25,25.605,2025-09-26,24.3,1,390,False,-513.52,-5.14,硬止损-5%,9990.87
LAC,A,22,7,2025-09-24,2025-09-25,6.787,2025-09-26,6.441,1,1473,False,-514.09,-5.14,硬止损-5%,10001.93
INTC,A,23,7,2025-09-25,2025-09-26,35.055,2025-09-30,33.269,2,285,False,-513.77,-5.14,硬止损-5%,9995.68
DQ,A,22,7,2025-09-25,2025-09-26,30.53,2025-09-29,28.975,1,327,False,-513.4,-5.14,硬止损-5%,9988.47
SNX,A,21,7,2025-09-25,2025-09-26,161.572,2025-10-10,153.34,10,61,False,-506.83,-5.14,硬止损-5%,9860.82
EA,A,22,7,2025-09-26,2025-09-29,203.321,2025-11-03,199.315,25,49,False,-201.17,-2.02,横盘25天出场,9967.7
CLF,A,19,7,2025-09-26,2025-09-29,12.472,2025-10-17,13.307,14,801,True,817.51,8.18,MA10追踪出场,9995.44
FE,A,19,6,2025-09-26,2025-09-29,44.343,2025-11-03,45.116,25,225,False,169.02,1.69,横盘25天出场,9982.09
HBM,A,23,7,2025-09-29,2025-09-30,15.11,2025-10-17,16.388,13,661,True,959.99,9.61,MA10追踪出场,9992.97
CENX,A,23,7,2025-09-29,2025-09-30,28.999,2025-10-21,30.959,15,344,True,706.49,7.08,MA10追踪出场,9980.63
SA,A,21,7,2025-09-29,2025-09-30,23.363,2025-10-21,23.387,15,428,True,402.49,4.02,成本止损,10004.51
UNFI,A,23,7,2025-09-30,2025-10-01,38.458,2025-10-20,41.259,13,260,True,826.61,8.26,MA10追踪出场,10004.19
CRH,A,21,7,2025-09-30,2025-10-01,119.06,2025-11-06,112.994,26,83,False,-508.18,-5.14,硬止损-5%,9886.92
FSM,A,21,7,2025-09-30,2025-10-01,9.039,2025-10-02,8.578,1,1106,False,-514.1,-5.14,硬止损-5%,10002.17
ABBV,A,23,7,2025-10-01,2025-10-02,235.54,2025-10-06,223.539,2,42,False,-508.73,-5.14,硬止损-5%,9897.63
VIPS,A,23,7,2025-10-01,2025-10-02,20.068,2025-10-10,19.045,6,498,False,-513.92,-5.14,硬止损-5%,9998.63
GSK,A,22,7,2025-10-01,2025-10-02,44.013,2025-11-28,47.43,40,227,False,770.41,7.71,持仓40天强制出场,9995.87
TAC,A,23,7,2025-10-03,2025-10-06,14.461,2025-11-04,16.602,21,691,True,1224.23,12.25,MA10追踪出场,9997.57
SHOP,A,22,7,2025-10-03,2025-10-06,166.717,2025-10-10,158.222,4,59,False,-505.83,-5.14,硬止损-5%,9841.19
CNR,A,20,7,2025-10-03,2025-10-06,89.266,2025-10-15,89.355,7,112,True,302.8,3.03,成本止损,10002.83
BANC,A,22,7,2025-10-06,2025-10-07,17.809,2025-10-10,16.901,3,561,False,-513.77,-5.14,硬止损-5%,9995.75
GSAT,A,21,7,2025-10-06,2025-10-07,44.544,2025-10-14,42.275,5,224,False,-513.11,-5.14,硬止损-5%,9982.96
BEPC,A,20,7,2025-10-06,2025-10-07,37.358,2025-11-11,41.796,25,267,True,1186.38,11.89,MA10追踪出场,9979.49
DELL,A,22,6,2025-10-07,2025-10-08,153.643,2025-10-21,145.815,9,65,False,-513.57,-5.14,硬止损-5%,9991.77
AA,A,20,6,2025-10-07,2025-10-08,36.359,2025-10-30,36.395,16,275,True,326.19,3.26,成本止损,10003.66
MD,A,17,6,2025-10-07,2025-10-08,17.678,2025-10-09,16.777,1,565,False,-513.62,-5.14,硬止损-5%,9992.87
AMD,A,23,7,2025-10-08,2025-10-09,236.536,2025-10-10,224.485,1,42,False,-510.88,-5.14,硬止损-5%,9939.49
CLF,A,23,7,2025-10-08,2025-10-09,14.104,2025-10-10,13.385,1,709,False,-514.23,-5.14,硬止损-5%,10004.8
EXK,A,23,7,2025-10-08,2025-10-09,8.599,2025-10-10,8.16,1,1162,False,-513.81,-5.14,硬止损-5%,9996.56
ALB,A,20,7,2025-10-09,2025-10-10,94.973,2025-10-22,90.134,8,105,False,-512.81,-5.14,硬止损-5%,9977.13
BKD,A,21,6,2025-10-09,2025-10-10,8.909,2025-11-07,8.455,20,1122,False,-514.03,-5.14,硬止损-5%,10000.78
CGC,B,19,6,2025-10-09,2025-10-10,1.592,2025-10-13,1.479,1,3141,False,-356.91,-7.14,硬止损-7%,5001.68
BIPC,A,20,6,2025-10-10,2025-10-13,44.598,2025-10-30,42.326,13,224,False,-513.73,-5.14,硬止损-5%,9995.0
MDU,A,19,6,2025-10-10,2025-10-13,18.521,2025-11-17,20.139,25,539,True,898.54,9.0,MA10追踪出场,9987.64
TAC,A,19,6,2025-10-10,2025-10-13,16.286,2025-11-06,15.456,18,614,False,-514.23,-5.14,硬止损-5%,10004.67
RCUS,A,20,7,2025-10-13,2025-10-14,16.326,2025-10-15,15.494,1,612,False,-513.82,-5.14,硬止损-5%,9996.7
PII,A,23,7,2025-10-14,2025-10-15,68.723,2025-10-16,65.222,1,145,False,-512.44,-5.14,硬止损-5%,9969.84
CAT,A,20,7,2025-10-14,2025-10-15,531.958,2025-11-11,566.038,19,18,True,713.3,7.45,MA10追踪出场,9580.03
NXE,A,19,7,2025-10-14,2025-10-15,9.69,2025-10-16,9.196,1,1032,False,-514.23,-5.14,硬止损-5%,10004.75
FSLR,A,23,7,2025-10-15,2025-10-16,242.342,2025-10-17,229.995,1,41,False,-510.96,-5.14,硬止损-5%,9940.99
HI,A,23,7,2025-10-15,2025-10-16,31.078,2025-11-20,31.373,25,321,False,89.65,0.9,横盘25天出场,9981.15
EDU,A,22,7,2025-10-15,2025-10-16,58.008,2025-10-28,55.052,8,172,False,-513.08,-5.14,硬止损-5%,9982.36
ASX,A,22,7,2025-10-16,2025-10-17,12.803,2025-11-11,14.965,17,781,True,1523.13,15.23,MA10追踪出场,10003.98
AU,A,21,7,2025-10-16,2025-10-17,74.307,2025-10-21,70.521,2,134,False,-512.04,-5.14,硬止损-5%,9962.05
BVN,A,21,7,2025-10-16,2025-10-17,25.926,2025-10-21,24.605,2,385,False,-513.29,-5.14,硬止损-5%,9986.46
PLD,A,18,7,2025-10-17,2025-10-20,123.364,2025-11-24,124.347,25,81,False,74.56,0.75,横盘25天出场,9997.48
LBRT,A,21,6,2025-10-17,2025-10-20,15.691,2025-10-22,14.891,2,637,False,-513.99,-5.14,硬止损-5%,9999.96
AA,A,20,7,2025-10-20,2025-10-21,37.834,2025-10-22,35.906,1,264,False,-513.64,-5.14,硬止损-5%,9993.13
J,A,20,6,2025-10-20,2025-10-21,161.931,2025-11-03,153.681,9,61,False,-507.96,-5.14,硬止损-5%,9882.73
BKH,A,18,6,2025-10-20,2025-10-21,63.481,2025-11-19,68.959,21,157,True,893.43,8.96,MA10追踪出场,9971.46
IQV,A,20,7,2025-10-21,2025-10-22,218.759,2025-11-05,207.613,10,45,False,-506.23,-5.14,硬止损-5%,9849.06
TMO,A,17,7,2025-10-21,2025-10-22,555.089,2025-12-08,566.655,32,18,False,203.09,2.03,横盘32天出场,9996.6
STLD,A,22,6,2025-10-21,2025-10-22,152.125,2025-12-18,173.359,40,65,True,1233.91,12.47,持仓40天强制出场,9893.05
FRO,A,23,7,2025-10-23,2025-10-24,23.198,2025-12-02,22.561,26,431,False,-279.41,-2.79,横盘26天出场,10003.35
NOK,A,23,7,2025-10-23,2025-10-24,6.156,2025-11-05,6.843,8,1624,True,1141.03,11.41,MA10追踪出场,10002.59
RIG,A,22,7,2025-10-23,2025-10-24,3.904,2025-11-14,4.006,15,2561,True,443.7,4.44,MA10追踪出场,10002.89
F,A,22,7,2025-10-24,2025-10-27,13.51,2025-10-28,12.821,1,740,False,-514.09,-5.14,硬止损-5%,10002.07
ALB,A,21,7,2025-10-24,2025-10-27,103.305,2025-10-28,98.042,1,96,False,-509.99,-5.14,硬止损-5%,9922.27
EME,A,20,7,2025-10-24,2025-10-27,749.799,2025-10-30,711.597,3,13,False,-501.25,-5.14,硬止损-5%,9752.26
INCY,A,20,7,2025-10-27,2025-10-28,92.232,2025-11-14,104.046,13,108,True,1177.52,11.82,MA10追踪出场,9966.05
TEX,A,20,7,2025-10-27,2025-10-28,57.952,2025-10-30,55.0,2,172,False,-512.59,-5.14,硬止损-5%,9972.78
THC,A,19,7,2025-10-27,2025-10-28,210.14,2025-11-03,199.433,4,47,False,-507.9,-5.14,硬止损-5%,9881.51
ZYME,A,23,7,2025-10-28,2025-10-29,19.419,2025-11-03,18.43,3,514,False,-513.3,-5.14,硬止损-5%,9986.56
BEPC,A,22,7,2025-10-28,2025-10-29,42.961,2025-11-13,40.772,11,232,False,-512.55,-5.14,硬止损-5%,9972.02
CX,A,22,7,2025-10-28,2025-10-29,10.308,2025-12-26,11.942,40,970,True,1428.12,14.28,持仓40天强制出场,10003.99
CAT,A,23,7,2025-10-29,2025-10-30,577.118,2025-11-04,547.713,3,17,False,-504.53,-5.14,硬止损-5%,9815.91
TER,A,23,7,2025-10-29,2025-10-30,172.72,2025-11-11,176.845,8,57,True,377.71,3.83,MA10追踪出场,9849.96
PUMP,A,23,7,2025-10-29,2025-10-30,10.43,2025-11-13,9.899,10,958,False,-513.85,-5.14,硬止损-5%,9997.34
CHRW,A,23,7,2025-10-30,2025-10-31,153.811,2025-11-07,145.974,5,65,False,-514.13,-5.14,硬止损-5%,10002.72
CAH,A,22,7,2025-10-30,2025-10-31,191.32,2025-12-01,206.774,20,52,True,852.28,8.56,MA10追踪出场,9953.63
WCC,A,22,7,2025-10-30,2025-10-31,249.206,2025-12-12,259.625,29,40,True,525.81,5.27,MA10追踪出场,9973.23
FSLR,A,23,7,2025-10-31,2025-11-03,266.196,2025-11-14,252.633,9,37,False,-506.49,-5.14,硬止损-5%,9854.17
NET,A,22,7,2025-10-31,2025-11-03,255.165,2025-11-04,242.164,1,39,False,-511.75,-5.14,硬止损-5%,9956.41
DQ,A,22,7,2025-10-31,2025-11-03,31.982,2025-11-04,30.352,1,312,False,-513.13,-5.14,硬止损-5%,9983.36
INCY,A,23,7,2025-11-03,2025-11-04,101.952,2025-12-08,96.757,23,98,False,-513.8,-5.14,硬止损-5%,9996.28
MD,A,23,7,2025-11-03,2025-11-04,21.101,2025-12-03,23.267,20,473,True,996.89,9.98,MA10追踪出场,9985.8
FLS,A,21,7,2025-11-03,2025-11-04,69.882,2025-11-14,66.321,8,143,False,-513.89,-5.14,硬止损-5%,9998.06
DD,A,23,7,2025-11-04,2025-11-05,37.773,2025-12-16,40.248,28,264,True,739.06,7.41,MA10追踪出场,9977.11
LDOS,A,21,7,2025-11-04,2025-11-05,199.232,2025-11-14,189.081,7,50,False,-512.27,-5.14,硬止损-5%,9966.6
WAT,A,22,6,2025-11-04,2025-11-05,366.917,2025-12-04,395.974,20,27,True,916.78,9.25,MA10追踪出场,9911.7
TEVA,A,23,7,2025-11-05,2025-11-06,24.074,2026-01-06,32.078,40,415,True,2595.66,25.97,持仓40天强制出场,9995.73
JCI,A,22,7,2025-11-05,2025-11-06,120.4,2025-11-18,114.265,8,83,False,-513.89,-5.14,硬止损-5%,9998.16
CWEN,A,22,7,2025-11-05,2025-11-06,33.815,2025-12-12,32.092,25,295,False,-512.98,-5.14,硬止损-5%,9980.4
DDOG,A,23,7,2025-11-06,2025-11-07,184.474,2025-11-18,175.075,7,54,False,-512.27,-5.14,硬止损-5%,9966.59
FSLY,A,23,7,2025-11-06,2025-11-07,10.711,2025-11-17,10.721,6,933,True,376.95,3.77,成本止损,9998.08
TDC,A,23,7,2025-11-06,2025-11-07,27.808,2025-11-14,26.391,5,359,False,-513.37,-5.14,硬止损-5%,9987.98
GMED,A,23,7,2025-11-07,2025-11-10,83.453,2025-12-03,87.662,16,119,True,625.32,6.29,MA10追踪出场,9935.92
EXPE,A,22,7,2025-11-07,2025-11-10,261.557,2025-11-17,248.231,5,38,False,-511.12,-5.14,硬止损-5%,9944.14
CAH,A,21,7,2025-11-07,2025-11-10,200.116,2025-12-16,196.724,25,49,False,-171.03,-1.74,横盘25天出场,9810.57
HASI,A,23,7,2025-11-10,2025-11-11,33.112,2025-11-20,31.425,7,302,False,-514.23,-5.14,硬止损-5%,10004.77
BKD,A,22,7,2025-11-10,2025-11-11,9.9,2025-12-03,10.599,15,1010,True,660.88,6.61,MA10追踪出场,10003.89
LLY,A,21,7,2025-11-10,2025-11-11,964.488,2025-12-01,1055.071,13,10,True,905.97,9.39,MA10追踪出场,9649.7
FDX,A,22,7,2025-11-11,2025-11-12,265.961,2026-01-12,310.35,40,37,True,1437.23,14.6,持仓40天强制出场,9845.48
BORR,A,21,7,2025-11-11,2025-11-12,3.373,2025-11-13,3.201,1,2964,False,-514.18,-5.14,硬止损-5%,10003.67
ZYME,A,20,7,2025-11-11,2025-11-12,19.99,2025-11-13,18.971,1,500,False,-513.99,-5.14,硬止损-5%,9999.98
SQM,A,18,7,2025-11-12,2025-11-13,54.254,2025-11-14,51.49,1,184,False,-513.36,-5.14,硬止损-5%,9987.76
BKH,A,17,6,2025-11-12,2025-11-13,70.531,2025-12-19,66.937,25,141,False,-511.41,-5.14,硬止损-5%,9949.82
ALB,A,22,7,2025-11-13,2025-11-14,108.412,2025-12-04,118.369,13,92,True,867.71,8.7,MA10追踪出场,9978.92
CSCO,A,22,7,2025-11-13,2025-11-14,75.838,2025-12-22,77.198,25,131,False,173.18,1.74,横盘25天出场,9939.7
SEE,A,22,7,2025-11-13,2025-11-14,42.288,2025-12-22,41.022,25,236,False,-303.59,-3.04,横盘25天出场,9985.01
B,A,19,7,2025-11-14,2025-11-17,36.453,2025-12-08,39.646,14,274,True,940.43,9.41,MA10追踪出场,9993.01
BIIB,A,18,7,2025-11-14,2025-11-17,167.167,2025-12-08,180.26,14,59,True,698.47,7.08,MA10追踪出场,9867.78
FRO,A,18,7,2025-11-14,2025-11-17,24.615,2025-11-25,23.36,6,406,False,-513.91,-5.14,硬止损-5%,9998.51
JKS,A,22,6,2025-11-17,2025-11-18,29.379,2025-11-19,27.882,1,340,False,-513.68,-5.14,硬止损-5%,9993.97
JNJ,A,18,6,2025-11-17,2025-11-18,196.905,2026-01-16,217.286,40,50,True,1011.86,10.27,持仓40天强制出场,9850.19
MRK,A,22,7,2025-11-18,2025-11-19,94.581,2025-12-04,99.2,10,105,True,643.87,6.48,MA10追踪出场,9935.98
CNQ,A,18,7,2025-11-18,2025-11-19,33.103,2025-12-16,31.416,18,302,False,-514.09,-5.14,硬止损-5%,10002.02
VLO,A,21,6,2025-11-18,2025-11-19,177.32,2025-11-21,168.285,2,56,False,-510.64,-5.14,硬止损-5%,9934.88
SQM,A,21,7,2025-11-19,2025-11-20,61.692,2025-11-21,58.548,1,162,False,-513.94,-5.14,硬止损-5%,9999.04
GOOGL,A,19,6,2025-11-19,2025-11-20,304.431,2025-12-29,313.026,25,32,False,270.04,2.77,横盘25天出场,9746.66
GOOG,A,15,6,2025-11-19,2025-11-20,304.631,2025-12-31,313.265,27,32,False,271.28,2.78,横盘27天出场,9753.07
REGN,A,23,7,2025-11-20,2025-11-21,735.861,2025-12-09,698.369,11,13,False,-491.94,-5.14,硬止损-5%,9570.97
ROST,A,21,7,2025-11-21,2025-11-24,172.782,2026-01-23,187.962,40,57,True,873.55,8.87,持仓40天强制出场,9853.48
IDXX,A,19,7,2025-11-21,2025-11-24,733.783,2025-12-10,696.397,11,13,False,-490.55,-5.14,硬止损-5%,9543.95
UGI,A,22,6,2025-11-21,2025-11-24,36.941,2025-12-31,37.015,25,270,False,14.99,0.15,横盘25天出场,9979.02
CMI,A,21,7,2025-11-24,2025-11-25,488.298,2026-01-26,567.482,40,20,True,1439.49,14.73,持仓40天强制出场,9770.84
HCA,A,21,7,2025-11-24,2025-11-25,500.312,2025-12-10,474.821,10,19,False,-488.84,-5.14,硬止损-5%,9510.68
BKD,A,21,7,2025-11-24,2025-11-25,11.351,2025-12-03,10.773,5,880,False,-513.69,-5.14,硬止损-5%,9994.17
MRK,A,21,7,2025-11-25,2025-11-26,103.054,2025-12-05,97.803,6,97,False,-514.05,-5.14,硬止损-5%,10001.23
RL,A,21,7,2025-11-25,2025-11-26,363.306,2026-01-05,357.181,25,27,False,-170.18,-1.73,横盘25天出场,9814.16
A,A,21,7,2025-11-25,2025-11-26,155.263,2025-12-04,147.353,5,64,False,-511.0,-5.14,硬止损-5%,9941.82
HLF,A,23,7,2025-11-26,2025-11-28,13.353,2025-12-01,12.673,1,748,False,-513.64,-5.14,硬止损-5%,9993.29
ARR,A,17,7,2025-11-26,2025-11-28,16.384,2026-01-28,17.711,40,610,True,872.37,8.72,持仓40天强制出场,9999.24
AEO,A,23,7,2025-12-01,2025-12-02,21.082,2025-12-24,26.325,16,474,True,2053.27,20.54,MA10追踪出场,9997.94
LEG,A,23,7,2025-12-01,2025-12-02,11.802,2025-12-03,11.201,1,847,False,-514.07,-5.14,硬止损-5%,10001.65
B,A,19,7,2025-12-01,2025-12-02,41.552,2025-12-29,43.609,18,240,True,612.77,6.14,MA10追踪出场,9977.55
JBHT,A,23,7,2025-12-02,2025-12-03,185.644,2026-01-27,202.272,36,53,True,920.99,9.36,MA21追踪出场,9844.06
SMFG,A,18,7,2025-12-02,2025-12-03,18.508,2026-02-02,21.079,40,540,True,1279.88,12.8,持仓40天强制出场,9999.58
INSP,B,20,6,2025-12-02,2025-12-03,133.944,2025-12-11,134.077,6,37,True,178.21,3.59,成本止损,4958.4
VALE,A,23,7,2025-12-03,2025-12-04,12.758,2025-12-08,12.108,2,783,False,-513.71,-5.14,硬止损-5%,9994.67
KNX,A,22,7,2025-12-03,2025-12-04,50.425,2026-01-27,54.665,35,198,True,956.48,9.58,MA21追踪出场,9989.23
AA,A,21,7,2025-12-03,2025-12-04,43.922,2026-01-16,59.912,29,227,True,2733.93,27.41,MA10追踪出场,9975.28
DG,A,22,7,2025-12-04,2025-12-05,124.194,2025-12-30,134.47,16,80,True,838.85,8.44,MA10追踪出场,9940.49
CM,A,21,7,2025-12-04,2025-12-05,90.335,2026-01-13,90.799,25,110,False,46.0,0.46,横盘25天出场,9941.87
OII,A,20,7,2025-12-04,2025-12-05,27.247,2025-12-15,25.859,6,367,False,-514.23,-5.14,硬止损-5%,10004.73
LUV,A,22,7,2025-12-05,2025-12-08,37.809,2025-12-26,41.061,13,264,True,827.87,8.29,MA10追踪出场,9986.64
IVZ,A,22,7,2025-12-05,2025-12-08,26.056,2026-01-20,27.659,28,383,True,715.54,7.17,MA10追踪出场,9984.42
DLTR,A,22,7,2025-12-05,2025-12-08,124.775,2026-01-20,133.926,28,80,True,809.3,8.1,MA10追踪出场,9986.96
HXL,A,19,7,2025-12-08,2025-12-09,77.985,2025-12-11,74.011,2,128,False,-513.32,-5.14,硬止损-5%,9987.01
RY,A,17,6,2025-12-08,2025-12-09,163.704,2026-01-20,167.273,27,61,False,212.61,2.13,横盘27天出场,9990.91
TD,A,17,6,2025-12-08,2025-12-09,87.654,2026-02-06,95.825,40,114,False,925.96,9.26,持仓40天强制出场,9997.58
PAAS,A,23,7,2025-12-09,2025-12-10,47.942,2025-12-31,51.623,14,208,True,892.8,8.95,MA10追踪出场,9976.94
RVLV,A,20,7,2025-12-09,2025-12-10,28.278,2026-01-02,29.53,15,353,True,657.61,6.58,MA10追踪出场,9987.21
ST,A,18,6,2025-12-09,2025-12-10,34.331,2025-12-31,32.581,14,291,False,-513.74,-5.14,硬止损-5%,9995.18
ATI,A,23,7,2025-12-10,2025-12-11,105.736,2026-01-22,122.987,27,94,True,1388.33,13.96,MA10追踪出场,9944.12
CFG,A,22,7,2025-12-10,2025-12-11,57.405,2026-02-10,67.482,40,174,True,1519.68,15.21,持仓40天强制出场,9993.41
EGO,A,22,7,2025-12-10,2025-12-11,33.458,2025-12-29,35.606,11,298,True,769.79,7.72,MA10追踪出场,9975.55
BVN,A,23,7,2025-12-11,2025-12-12,28.739,2025-12-15,27.274,1,347,False,-512.82,-5.14,硬止损-5%,9977.32
DRD,A,23,7,2025-12-11,2025-12-12,32.537,2025-12-15,30.88,1,307,False,-513.68,-5.14,硬止损-5%,9993.96
AA,A,21,7,2025-12-11,2025-12-12,47.07,2026-01-16,59.912,23,212,True,2215.72,22.19,MA10追踪出场,9983.83
LUV,A,21,6,2025-12-12,2025-12-15,41.292,2026-01-22,42.215,25,242,False,218.19,2.18,横盘25天出场,9997.78
KMT,A,18,6,2025-12-12,2025-12-15,29.145,2026-02-12,39.261,40,343,True,2711.68,27.11,持仓40天强制出场,10001.86
WU,A,17,6,2025-12-12,2025-12-15,9.37,2026-01-20,8.892,23,1067,False,-514.12,-5.14,硬止损-5%,10002.58
GGB,A,20,7,2025-12-15,2025-12-16,3.714,2026-02-05,4.154,34,2692,True,1160.42,11.6,MA21追踪出场,10003.15
SVM,A,20,7,2025-12-15,2025-12-16,8.579,2026-01-02,8.141,11,1165,False,-513.94,-5.14,硬止损-5%,9999.03
CNO,A,21,6,2025-12-15,2025-12-16,42.875,2026-01-20,40.691,22,233,False,-513.73,-5.14,硬止损-5%,9994.92
UBS,A,20,6,2025-12-16,2025-12-17,45.295,2026-02-04,44.805,32,220,False,-112.75,-1.13,横盘32天出场,9969.94
TWLO,A,19,6,2025-12-16,2025-12-17,137.648,2026-01-12,130.634,16,72,False,-509.65,-5.14,硬止损-5%,9915.58
TWO,A,20,6,2025-12-17,2025-12-18,10.403,2025-12-30,9.873,7,961,False,-514.08,-5.14,硬止损-5%,10001.85
RGLD,A,20,6,2025-12-17,2025-12-18,221.149,2026-01-30,262.574,28,45,True,1575.49,15.82,MA10追踪出场,9956.69
HLT,A,19,6,2025-12-17,2025-12-18,293.014,2026-01-27,295.734,25,34,False,87.44,0.88,横盘25天出场,9967.47
INFY,A,22,7,2025-12-18,2025-12-19,19.099,2025-12-30,18.126,6,523,False,-513.67,-5.14,硬止损-5%,9993.81
LULU,B,22,6,2025-12-18,2025-12-19,215.205,2026-01-20,199.941,19,23,False,-353.38,-7.14,硬止损-7%,4952.19
CHRW,A,20,6,2025-12-18,2025-12-19,164.652,2026-02-12,164.816,36,60,True,377.77,3.82,成本止损,9884.05
CENX,A,23,7,2025-12-19,2025-12-22,37.037,2026-01-26,45.065,22,270,True,1674.38,16.74,MA10追踪出场,10004.99
IVR,A,22,7,2025-12-19,2025-12-22,8.113,2026-01-23,8.602,21,1232,True,719.65,7.2,MA10追踪出场,9999.81
AA,A,21,7,2025-12-19,2025-12-22,51.957,2026-01-16,59.912,17,192,True,1414.48,14.17,MA10追踪出场,9980.71
FSLR,A,21,7,2025-12-22,2025-12-23,282.282,2025-12-24,267.9,1,35,False,-508.07,-5.14,硬止损-5%,9884.81
RIO,A,19,7,2025-12-22,2025-12-23,78.719,2026-02-05,88.553,29,127,True,1150.16,11.5,MA10追踪出场,10002.38
C,A,18,6,2025-12-22,2025-12-23,117.665,2026-01-14,111.67,14,84,False,-508.27,-5.14,硬止损-5%,9888.79
BVN,A,19,7,2025-12-23,2025-12-24,29.9,2025-12-29,28.376,2,334,False,-513.55,-5.14,硬止损-5%,9991.55
RVLV,A,21,7,2025-12-29,2025-12-30,31.351,2026-01-02,29.754,2,318,False,-512.69,-5.14,硬止损-5%,9974.7
FTAI,A,23,7,2026-01-02,2026-01-05,212.534,2026-01-28,274.92,16,47,True,2375.53,23.77,MA10追踪出场,9994.07
ASX,A,21,7,2026-01-02,2026-01-05,17.207,2026-01-30,18.961,18,581,True,1053.94,10.54,MA10追踪出场,10002.38
NXE,A,20,7,2026-01-02,2026-01-05,10.571,2026-01-30,12.557,18,946,True,1546.53,15.46,MA10追踪出场,10004.75
WHD,A,23,7,2026-01-05,2026-01-06,49.411,2026-02-12,56.845,26,202,True,1398.09,14.0,MA10追踪出场,9986.02
SLB,A,22,7,2026-01-05,2026-01-06,44.064,2026-01-30,48.048,17,226,True,964.9,9.68,MA10追踪出场,9963.54
HAL,A,22,7,2026-01-05,2026-01-06,31.638,2026-01-07,30.027,1,316,False,-514.13,-5.14,硬止损-5%,10002.76
FCX,A,23,7,2026-01-06,2026-01-07,55.027,2026-01-30,60.038,16,181,True,922.47,9.26,MA10追踪出场,9964.8
BC,A,23,7,2026-01-06,2026-01-07,83.559,2026-01-29,79.302,15,119,False,-511.34,-5.14,硬止损-5%,9948.53
VALE,A,23,7,2026-01-06,2026-01-07,14.084,2026-02-05,16.264,20,710,True,1374.47,13.74,MA10追踪出场,10004.69
KEX,A,23,7,2026-01-07,2026-01-08,122.703,2026-01-29,116.451,14,81,False,-511.1,-5.14,硬止损-5%,9943.88
REGN,A,21,7,2026-01-07,2026-01-08,805.647,2026-01-12,764.599,2,12,False,-497.16,-5.14,硬止损-5%,9672.59
UMC,A,21,7,2026-01-07,2026-01-08,8.569,2026-01-29,10.569,14,1167,True,1953.6,19.53,MA10追踪出场,10004.51
F,A,22,7,2026-01-08,2026-01-09,14.21,2026-01-16,13.486,5,703,False,-513.73,-5.14,硬止损-5%,9994.94
KNX,A,21,7,2026-01-08,2026-01-09,57.369,2026-01-29,54.446,13,174,False,-513.33,-5.14,硬止损-5%,9987.17
CX,A,20,7,2026-01-08,2026-01-09,12.286,2026-02-05,11.66,18,813,False,-513.65,-5.14,硬止损-5%,9993.5
SCCO,A,23,7,2026-01-09,2026-01-12,170.855,2026-02-05,186.867,17,58,True,822.11,8.29,MA10追踪出场,9914.56
INTC,A,22,7,2026-01-09,2026-01-12,44.284,2026-01-23,45.025,8,225,True,434.93,4.36,MA10追踪出场,9968.94
PEB,A,22,7,2026-01-09,2026-01-12,12.803,2026-01-13,12.15,1,781,False,-514.18,-5.14,硬止损-5%,10003.78
GOLD,A,21,7,2026-01-12,2026-01-13,43.176,2026-01-14,40.976,1,231,False,-512.89,-5.14,硬止损-5%,9978.55
SITE,A,21,6,2026-01-12,2026-01-13,146.506,2026-02-18,152.238,24,68,True,623.11,6.25,MA10追踪出场,9967.41
SKY,A,17,6,2026-01-12,2026-01-13,94.715,2026-01-26,89.889,8,105,False,-511.42,-5.14,硬止损-5%,9950.01
MRNA,A,23,7,2026-01-13,2026-01-14,39.77,2026-01-28,45.255,9,251,True,1314.83,13.17,MA10追踪出场,9987.19
KMT,A,23,7,2026-01-13,2026-01-14,33.18,2026-02-17,39.021,22,301,True,1569.41,15.71,MA10追踪出场,9992.02
VTRS,A,21,7,2026-01-13,2026-01-14,13.27,2026-01-15,12.594,1,753,False,-513.85,-5.14,硬止损-5%,9997.27
SON,A,20,7,2026-01-14,2026-01-15,48.832,2026-03-05,53.676,33,204,True,1054.75,10.58,MA21追踪出场,9966.62
SU,A,20,7,2026-01-14,2026-01-15,48.682,2026-02-25,55.266,27,205,True,1205.31,12.07,MA10追踪出场,9984.82
SLB,A,19,7,2026-01-14,2026-01-15,46.572,2026-01-30,48.048,10,214,True,365.02,3.66,MA10追踪出场,9971.43
PEN,A,23,7,2026-01-15,2026-01-16,350.34,2026-02-26,341.598,27,28,False,-249.56,-2.54,横盘27天出场,9814.42
ONTO,A,22,7,2026-01-15,2026-01-16,221.151,2026-01-23,209.883,4,45,False,-511.77,-5.14,硬止损-5%,9956.77
HLF,A,21,7,2026-01-15,2026-01-16,16.537,2026-02-13,15.694,19,604,False,-513.63,-5.14,硬止损-5%,9993.05
BKD,A,23,7,2026-01-16,2026-01-20,12.172,2026-02-19,14.935,21,821,True,1909.79,19.1,MA10追踪出场,9998.34
EC,A,21,7,2026-01-16,2026-01-20,12.142,2026-02-26,11.988,26,823,False,-131.78,-1.32,横盘26天出场,9997.97
ARR,A,20,7,2026-01-16,2026-01-20,18.064,2026-01-30,17.144,8,553,False,-513.7,-5.14,硬止损-5%,9994.31
UMC,A,23,7,2026-01-20,2026-01-21,10.861,2026-01-23,10.307,2,920,False,-513.83,-5.14,硬止损-5%,9996.98
WPM,A,21,7,2026-01-20,2026-01-21,145.816,2026-01-22,138.386,1,68,False,-509.9,-5.14,硬止损-5%,9920.42
RGLD,A,21,7,2026-01-20,2026-01-21,282.154,2026-01-30,267.779,7,35,False,-507.84,-5.14,硬止损-5%,9880.34
BKU,A,23,7,2026-01-21,2026-01-22,50.737,2026-01-23,48.152,1,197,False,-514.0,-5.14,硬止损-5%,10000.2
FITB,A,22,7,2026-01-21,2026-01-22,52.578,2026-01-23,49.899,1,190,False,-513.72,-5.14,硬止损-5%,9994.82
CFG,A,21,7,2026-01-21,2026-01-22,63.985,2026-02-27,60.725,25,156,False,-513.3,-5.14,硬止损-5%,9986.66
MT,A,23,7,2026-01-22,2026-01-23,54.288,2026-03-02,64.436,25,184,True,1642.65,16.44,MA10追踪出场,9993.93
NTRS,A,22,7,2026-01-22,2026-01-23,150.935,2026-02-12,143.245,14,66,False,-512.28,-5.14,硬止损-5%,9966.72
ITUB,A,22,7,2026-01-22,2026-01-23,8.089,2026-02-04,8.402,8,1236,True,559.99,5.6,MA10追踪出场,10002.91
GILD,A,22,6,2026-01-23,2026-01-26,135.248,2026-02-19,150.116,17,73,True,1038.22,10.51,MA10追踪出场,9878.03
SLB,A,19,6,2026-01-23,2026-01-26,49.458,2026-03-03,48.531,25,202,False,-192.08,-1.92,横盘25天出场,9995.52
OII,A,18,6,2026-01-23,2026-01-26,29.519,2026-02-27,35.465,23,338,True,1737.36,17.4,MA10追踪出场,9982.58
AKAM,A,21,7,2026-01-26,2026-01-27,102.002,2026-01-30,96.805,3,98,False,-514.05,-5.14,硬止损-5%,10001.18
TSN,A,20,7,2026-01-26,2026-01-27,63.173,2026-03-04,62.857,25,158,False,-54.89,-0.55,横盘25天出场,9986.33
SKM,A,20,7,2026-01-26,2026-01-27,26.617,2026-02-23,30.45,18,375,True,1328.04,13.3,MA10追踪出场,9986.21
GGB,A,23,7,2026-01-27,2026-01-28,4.58,2026-01-30,4.347,2,2183,False,-514.18,-5.14,硬止损-5%,10003.79
UMC,A,23,7,2026-01-27,2026-01-28,11.471,2026-01-29,10.887,1,871,False,-513.82,-5.14,硬止损-5%,9996.64
VIST,A,23,7,2026-01-27,2026-01-28,58.188,2026-02-03,55.223,4,171,False,-511.68,-5.14,硬止损-5%,9955.15
HMY,A,23,7,2026-01-28,2026-01-29,25.646,2026-01-30,24.339,1,389,False,-513.02,-5.14,硬止损-5%,9981.13
TXN,A,22,7,2026-01-28,2026-01-29,215.212,2026-03-03,204.247,22,46,False,-509.09,-5.14,硬止损-5%,9904.69
WPM,A,21,7,2026-01-28,2026-01-29,159.618,2026-01-30,151.485,1,62,False,-508.91,-5.14,硬止损-5%,9901.25
LUV,A,22,7,2026-01-29,2026-01-30,48.38,2026-02-11,51.158,8,206,True,758.33,7.61,MA10追踪出场,9971.17
CHRW,A,22,7,2026-01-29,2026-01-30,191.457,2026-02-12,181.702,9,52,False,-511.97,-5.14,硬止损-5%,9960.74
BHP,A,19,7,2026-01-29,2026-01-30,68.727,2026-03-03,76.74,21,145,True,1141.4,11.45,MA10追踪出场,9970.34
TEVA,A,20,7,2026-01-30,2026-02-02,34.484,2026-03-03,32.727,20,289,False,-512.5,-5.14,硬止损-5%,9970.99
CVX,A,20,6,2026-01-30,2026-02-02,171.932,2026-03-10,186.104,25,58,True,879.38,8.81,MA10追踪出场,9977.02
BEN,A,19,6,2026-01-30,2026-02-02,26.164,2026-03-09,24.831,24,382,False,-513.97,-5.14,硬止损-5%,9999.7
XPO,A,21,7,2026-02-02,2026-02-03,163.924,2026-02-23,200.979,13,61,True,1822.08,18.21,MA10追踪出场,10004.35
ODFL,A,20,7,2026-02-02,2026-02-03,184.927,2026-02-12,185.111,7,54,True,403.81,4.04,成本止损,9991.04
KNX,A,20,7,2026-02-02,2026-02-03,58.875,2026-03-09,55.876,23,169,False,-511.67,-5.14,硬止损-5%,9954.91
BALL,A,23,7,2026-02-03,2026-02-04,62.436,2026-03-12,61.628,25,160,False,-134.16,-1.34,横盘25天出场,9994.75
FDX,A,23,7,2026-02-03,2026-02-04,355.037,2026-03-03,380.604,18,28,True,750.57,7.55,MA10追踪出场,9946.0
CTRA,A,22,7,2026-02-03,2026-02-04,29.266,2026-02-23,30.497,12,341,True,522.05,5.23,MA10追踪出场,9984.76
AMGN,A,22,7,2026-02-04,2026-02-05,363.576,2026-03-13,365.844,25,27,False,56.28,0.57,横盘25天出场,9821.47
DE,A,22,7,2026-02-04,2026-02-05,562.748,2026-02-25,621.17,13,17,True,860.95,8.99,MA10追踪出场,9571.5
IEX,A,22,7,2026-02-04,2026-02-05,212.442,2026-03-06,201.618,20,47,False,-513.46,-5.14,硬止损-5%,9989.78
HSY,A,23,7,2026-02-05,2026-02-06,224.352,2026-03-16,219.89,25,44,False,-201.19,-2.04,横盘25天出场,9876.44
TKR,A,23,7,2026-02-05,2026-02-06,103.018,2026-03-06,97.769,19,97,False,-513.87,-5.14,硬止损-5%,9997.72
GSK,A,22,7,2026-02-05,2026-02-06,58.875,2026-03-05,55.876,18,169,False,-511.67,-5.14,硬止损-5%,9954.9
ARW,A,23,7,2026-02-06,2026-02-09,157.617,2026-03-02,149.587,14,63,False,-510.64,-5.14,硬止损-5%,9934.87
UAA,A,23,7,2026-02-06,2026-02-09,7.457,2026-02-10,7.077,1,1340,False,-513.88,-5.14,硬止损-5%,9997.98
BIIB,A,22,7,2026-02-06,2026-02-09,200.03,2026-02-10,189.838,1,49,False,-504.04,-5.14,硬止损-5%,9806.36
VTRS,A,23,7,2026-02-09,2026-02-10,15.414,2026-03-03,14.628,14,648,False,-513.64,-5.14,硬止损-5%,9993.13
STM,A,23,7,2026-02-09,2026-02-10,33.149,2026-03-03,31.46,14,301,False,-513.1,-5.14,硬止损-5%,9982.75
KMT,A,18,6,2026-02-09,2026-02-10,40.551,2026-02-13,38.484,3,246,False,-512.98,-5.14,硬止损-5%,9980.41
HAS,A,23,7,2026-02-10,2026-02-11,103.182,2026-02-23,97.925,7,96,False,-509.39,-5.14,硬止损-5%,9910.46
ON,A,23,7,2026-02-10,2026-02-11,69.309,2026-02-27,65.778,11,144,False,-513.24,-5.14,硬止损-5%,9985.52
MAS,A,22,7,2026-02-10,2026-02-11,76.629,2026-02-25,72.725,9,130,False,-512.28,-5.14,硬止损-5%,9966.73
GNRC,A,23,7,2026-02-11,2026-02-12,218.959,2026-02-27,225.145,10,45,True,441.2,4.48,MA10追踪出场,9858.07
SW,A,23,7,2026-02-11,2026-02-12,49.725,2026-02-23,47.192,6,201,False,-513.98,-5.14,硬止损-5%,9999.79
DD,A,22,7,2026-02-11,2026-02-12,51.754,2026-02-13,49.117,1,193,False,-513.66,-5.14,硬止损-5%,9993.56
USFD,A,23,7,2026-02-12,2026-02-13,100.781,2026-02-19,95.646,3,99,False,-513.08,-5.14,硬止损-5%,9982.28
IFF,A,22,7,2026-02-12,2026-02-13,82.098,2026-03-03,77.915,11,121,False,-510.84,-5.14,硬止损-5%,9938.78
BUD,A,22,7,2026-02-12,2026-02-13,80.2,2026-03-03,76.114,11,124,False,-511.41,-5.14,硬止损-5%,9949.79
MGA,A,23,7,2026-02-13,2026-02-17,66.202,2026-02-27,62.829,8,151,False,-514.06,-5.14,硬止损-5%,10001.48
TPH,A,23,7,2026-02-13,2026-02-17,46.366,2026-03-24,46.653,25,215,False,56.69,0.57,横盘25天出场,9973.74
SKM,A,21,7,2026-02-13,2026-02-17,33.674,2026-02-18,31.958,1,296,False,-512.57,-5.14,硬止损-5%,9972.38
SON,A,23,7,2026-02-17,2026-02-18,56.359,2026-03-05,53.487,11,177,False,-512.98,-5.14,硬止损-5%,9980.46
DHT,A,18,6,2026-02-17,2026-02-18,16.198,2026-03-05,18.521,11,617,True,1352.82,13.53,MA10追踪出场,9999.41
ADI,A,21,7,2026-02-18,2026-02-19,344.237,2026-03-05,326.698,10,29,False,-513.36,-5.14,硬止损-5%,9987.87
LPG,A,21,7,2026-02-18,2026-02-19,35.355,2026-03-09,33.554,12,282,False,-512.71,-5.14,硬止损-5%,9975.19
OVV,A,20,7,2026-02-18,2026-02-19,49.269,2026-04-01,57.363,29,202,True,1451.12,14.57,MA10追踪出场,9957.3
OII,A,23,7,2026-02-19,2026-02-20,35.305,2026-02-27,35.341,5,283,True,328.23,3.28,成本止损,9996.39
DE,A,22,7,2026-02-19,2026-02-20,662.975,2026-02-25,629.197,3,15,False,-511.4,-5.14,硬止损-5%,9949.6
TS,A,22,7,2026-02-19,2026-02-20,53.203,2026-04-17,58.551,39,187,True,977.31,9.82,持仓40天强制出场,9953.96
ST,A,22,7,2026-02-20,2026-02-23,38.068,2026-03-02,36.128,5,262,False,-512.9,-5.14,硬止损-5%,9978.81
FSM,A,21,7,2026-02-20,2026-02-23,12.432,2026-03-03,12.445,6,804,True,305.41,3.05,成本止损,10000.66
JBL,A,20,7,2026-02-20,2026-02-23,267.858,2026-03-03,254.21,6,37,False,-509.65,-5.14,硬止损-5%,9915.69
TDW,A,22,7,2026-02-23,2026-02-24,77.788,2026-03-06,77.865,8,128,True,396.42,3.98,成本止损,9961.81
KEYS,A,23,7,2026-02-24,2026-02-25,301.781,2026-03-05,286.406,6,33,False,-512.13,-5.14,硬止损-5%,9963.77
DHT,A,23,7,2026-02-24,2026-02-25,18.649,2026-03-03,18.667,4,536,True,176.32,1.76,成本止损,10000.66
HLX,A,23,7,2026-02-24,2026-02-25,10.561,2026-02-26,10.022,1,946,False,-513.75,-5.14,硬止损-5%,9995.28
Q,A,19,6,2026-02-25,2026-02-26,139.99,2026-02-27,132.858,1,71,False,-511.12,-5.14,硬止损-5%,9944.27
SUZ,A,19,6,2026-02-25,2026-02-26,11.532,2026-03-03,10.944,3,867,False,-514.13,-5.14,硬止损-5%,10002.83
NAT,A,23,7,2026-02-26,2026-02-27,5.339,2026-03-03,5.345,2,1872,True,272.95,2.73,成本止损,10000.09
INSW,A,20,7,2026-02-26,2026-02-27,71.256,2026-03-11,67.625,8,140,False,-513.0,-5.14,硬止损-5%,9980.77
ALSN,A,19,7,2026-02-26,2026-02-27,123.816,2026-03-06,117.508,5,80,False,-509.38,-5.14,硬止损-5%,9910.25
UTI,A,21,7,2026-02-27,2026-03-02,36.236,2026-03-05,34.39,3,275,False,-512.44,-5.14,硬止损-5%,9969.94
NEM,A,17,7,2026-02-27,2026-03-02,131.436,2026-03-03,124.739,1,76,False,-513.68,-5.14,硬止损-5%,9994.1
AES,A,21,6,2026-02-27,2026-03-02,14.364,2026-04-07,14.416,25,696,False,30.63,0.31,横盘25天出场,10002.59
COP,A,23,7,2026-03-02,2026-03-03,120.971,2026-03-04,114.807,1,82,False,-510.11,-5.14,硬止损-5%,9924.57
LHX,A,23,7,2026-03-02,2026-03-03,371.877,2026-03-20,352.93,13,26,False,-497.21,-5.14,硬止损-5%,9673.65
EQNR,A,23,7,2026-03-02,2026-03-03,31.772,2026-04-01,40.35,21,314,True,2153.36,21.57,MA10追踪出场,9981.31
TDW,A,23,7,2026-03-03,2026-03-04,87.638,2026-03-05,83.172,1,114,False,-513.77,-5.14,硬止损-5%,9995.68
CF,A,20,7,2026-03-03,2026-03-04,106.106,2026-03-23,120.06,13,94,True,1169.82,11.72,MA10追踪出场,9978.95
TGT,A,22,6,2026-03-03,2026-03-04,124.084,2026-03-06,117.762,2,80,False,-510.48,-5.14,硬止损-5%,9931.68
MRNA,A,23,7,2026-03-04,2026-03-05,57.012,2026-03-06,54.107,1,175,False,-513.07,-5.14,硬止损-5%,9982.08
ROST,A,22,7,2026-03-04,2026-03-05,211.253,2026-04-17,227.592,30,47,False,762.61,7.68,持仓40天强制出场,9933.83
KMT,A,19,6,2026-03-04,2026-03-05,41.231,2026-03-06,39.13,1,242,False,-513.11,-5.14,硬止损-5%,9982.94
LYB,A,22,6,2026-03-05,2026-03-06,67.297,2026-03-23,71.399,11,148,True,741.64,7.44,MA10追踪出场,9964.97
VLO,A,20,6,2026-03-05,2026-03-06,227.197,2026-03-09,215.621,1,44,False,-514.07,-5.14,硬止损-5%,10001.67
PAA,A,19,6,2026-03-05,2026-03-06,22.072,2026-03-11,20.947,3,453,False,-514.18,-5.14,硬止损-5%,10003.64
PBR,A,21,7,2026-03-06,2026-03-09,18.038,2026-03-20,18.781,9,554,True,536.96,5.37,MA10追踪出场,9998.06
VIST,A,20,7,2026-03-06,2026-03-09,63.463,2026-03-10,60.23,1,157,False,-512.38,-5.14,硬止损-5%,9968.74
CNQ,A,19,7,2026-03-06,2026-03-09,46.336,2026-04-01,46.382,17,215,True,213.49,2.14,成本止损,9967.19
OVV,A,19,6,2026-03-09,2026-03-10,52.664,2026-04-01,57.363,16,189,True,854.36,8.58,MA10追踪出场,9958.42
EC,A,16,6,2026-03-09,2026-03-10,12.763,2026-04-01,14.476,16,783,True,1194.7,11.95,MA10追踪出场,9998.23
CF,A,21,7,2026-03-11,2026-03-12,128.148,2026-03-16,121.619,2,78,False,-514.02,-5.14,硬止损-5%,10000.54
NTR,A,21,7,2026-03-11,2026-03-12,81.621,2026-03-16,77.463,2,122,False,-512.08,-5.14,硬止损-5%,9962.8
ADM,A,17,7,2026-03-11,2026-03-12,71.571,2026-03-20,67.925,6,139,False,-511.59,-5.14,硬止损-5%,9953.41
OXY,A,23,7,2026-03-12,2026-03-13,57.758,2026-04-01,62.168,13,173,True,878.79,8.79,MA10追踪出场,9997.08
DOW,A,21,7,2026-03-12,2026-03-13,37.738,2026-03-23,35.815,6,264,False,-512.33,-5.14,硬止损-5%,9967.73
LYB,A,21,7,2026-03-12,2026-03-13,72.943,2026-04-01,76.633,13,137,True,668.39,6.69,MA10追踪出场,9998.17
MUR,A,22,6,2026-03-13,2026-03-16,36.096,2026-04-01,39.51,12,277,True,978.9,9.79,MA10追踪出场,10003.61
VIST,A,21,6,2026-03-13,2026-03-16,64.524,2026-04-01,69.051,12,154,True,858.6,8.64,MA10追踪出场,9941.74
NOK,A,18,6,2026-03-13,2026-03-16,8.388,2026-03-20,7.961,4,1192,False,-514.19,-5.14,硬止损-5%,10003.95
BP,A,19,7,2026-03-17,2026-03-18,44.394,2026-04-17,44.545,21,225,False,28.98,0.29,持仓40天强制出场,9993.72
TS,A,20,6,2026-03-17,2026-03-18,55.726,2026-04-17,58.551,21,179,False,500.56,5.02,持仓40天强制出场,9979.88
LNG,A,21,7,2026-03-18,2026-03-19,273.894,2026-04-08,259.939,13,36,False,-507.05,-5.14,硬止损-5%,9865.1
RES,A,18,7,2026-03-18,2026-03-19,7.047,2026-03-23,6.688,2,1419,False,-514.23,-5.14,硬止损-5%,10004.75
CVE,A,23,7,2026-03-19,2026-03-20,24.855,2026-04-08,24.88,12,402,True,227.81,2.28,成本止损,9996.64
FLNG,A,23,7,2026-03-19,2026-03-20,31.582,2026-03-23,29.972,1,316,False,-513.2,-5.14,硬止损-5%,9984.76
EQNR,A,22,7,2026-03-19,2026-03-20,40.851,2026-03-23,38.769,1,244,False,-512.58,-5.14,硬止损-5%,9972.58
TALO,A,23,7,2026-03-20,2026-03-23,14.865,2026-04-01,14.88,7,672,True,375.23,3.75,成本止损,9994.17
SM,A,21,7,2026-03-20,2026-03-23,28.829,2026-04-01,28.858,7,346,True,402.2,4.03,成本止损,9979.75
MUR,A,20,7,2026-03-20,2026-03-23,38.378,2026-04-01,39.51,7,260,True,478.13,4.79,MA10追踪出场,9983.36
DELL,A,21,7,2026-03-24,2026-03-25,177.938,2026-03-30,168.872,3,56,False,-512.42,-5.14,硬止损-5%,9969.5
AKAM,A,21,7,2026-03-25,2026-03-26,118.508,2026-03-27,112.47,1,84,False,-511.92,-5.14,硬止损-5%,9959.68
ATEN,A,21,7,2026-03-25,2026-03-26,23.083,2026-04-17,27.522,15,433,True,1553.96,15.54,持仓40天强制出场,9999.96
AGRO,A,21,7,2026-03-25,2026-03-26,14.665,2026-03-27,13.917,1,681,False,-513.56,-5.14,硬止损-5%,9991.62
UNFI,A,20,6,2026-03-26,2026-03-27,45.215,2026-04-17,48.851,14,221,False,798.14,7.98,持仓40天强制出场,9997.55
YPF,A,18,6,2026-03-26,2026-03-27,44.014,2026-04-01,44.058,3,227,True,163.58,1.64,成本止损,9996.17
WLK,A,19,6,2026-03-30,2026-03-31,116.867,2026-04-17,110.912,12,85,False,-510.83,-5.14,硬止损-5%,9938.64
NOK,A,20,7,2026-04-02,2026-04-06,9.159,2026-04-07,8.692,1,1091,False,-513.87,-5.14,硬止损-5%,9997.63
CNK,A,20,6,2026-04-06,2026-04-07,30.03,2026-04-17,29.98,8,333,False,-21.64,-0.22,持仓40天强制出场,10004.99
SNX,A,19,6,2026-04-07,2026-04-08,202.317,2026-04-17,214.106,7,49,False,572.4,5.77,持仓40天强制出场,9918.49
ESI,A,21,7,2026-04-08,2026-04-09,36.687,2026-04-17,38.981,6,272,False,618.76,6.2,持仓40天强制出场,9983.76
BWXT,A,20,7,2026-04-08,2026-04-09,231.631,2026-04-17,235.544,6,43,False,163.19,1.64,持仓40天强制出场,9965.13
PVH,A,20,7,2026-04-08,2026-04-09,87.467,2026-04-17,94.076,6,114,False,748.0,7.5,持仓40天强制出场,9976.27
NOK,A,23,7,2026-04-13,2026-04-14,10.35,2026-04-17,10.3,3,966,False,-53.9,-0.54,持仓40天强制出场,10003.43
SKM,A,18,6,2026-04-13,2026-04-14,36.456,2026-04-17,37.802,3,274,False,363.55,3.64,持仓40天强制出场,9994.05
AVNS,A,23,7,2026-04-14,2026-04-15,24.675,2026-04-17,24.595,2,405,False,-37.08,-0.37,持仓40天强制出场,9998.23
ATEN,A,23,7,2026-04-16,2026-04-17,27.618,2026-04-17,27.522,0,362,False,-39.42,-0.39,持仓40天强制出场,10002.57
VSH,A,23,7,2026-04-16,2026-04-17,27.027,2026-04-17,25.894,0,370,False,-423.97,-4.24,持仓40天强制出场,10004.99
TFX,A,22,6,2026-04-16,2026-04-17,132.723,2026-04-17,131.448,0,75,False,-100.49,-1.01,持仓40天强制出场,9959.17
